timestamp,vehicle_id,vehicle_type,direction,mode,wait_time_sec,plan_seq,lane,will_turn,turn_direction,target_turn_lane,released_sec,crossed_sec
2026-09-10 01:50:21,125505317335840,bike,right,fixed,7.63,4,1,False,right,0,1.0001,10.0824
2026-09-10 01:50:21,125505317332816,bus,right,fixed,6.83,7,2,True,down,0,1.7501,10.0984
2026-09-10 01:50:21,125505317336848,bus,right,fixed,4.34,17,0,False,right,0,4.2501,10.0988
2026-09-10 01:50:22,125505317336128,car,right,fixed,6.71,6,1,False,right,0,1.5001,10.5161
2026-09-10 01:50:22,125505317333680,bike,right,fixed,6.34,12,2,True,down,0,3.0006,10.9322
2026-09-10 01:50:22,125505317334016,bike,right,fixed,5.4,16,1,False,right,0,4.0001,11.0605
2026-09-10 01:50:22,125505317336752,bike,right,fixed,5.73,14,2,False,right,0,3.5001,11.4119
2026-09-10 01:50:22,125505317337712,car,right,fixed,3.71,22,1,False,right,0,5.5001,11.5108
2026-09-10 01:50:23,125505317338432,car,right,fixed,2.66,27,2,False,right,0,6.7501,11.8794
2026-09-10 01:50:23,125505317338336,car,right,fixed,0,43,0,True,up,1,10.7501,12.2649
2026-09-10 01:50:23,125505317334400,bus,right,fixed,2.72,23,1,False,right,0,5.7501,12.3433
2026-09-10 01:50:24,125505317338864,car,right,fixed,0.74,35,2,False,right,0,8.7501,12.5195
2026-09-10 01:50:25,125505317339056,truck,right,fixed,0.93,32,1,False,right,0,8.0001,13.7082
2026-09-10 01:50:26,125505317405616,car,right,fixed,0,51,1,False,right,0,12.7501,14.8962
2026-09-10 01:50:26,125505317406768,truck,right,fixed,0,53,2,True,down,1,13.2501,15.1695
2026-09-10 01:50:26,125505317407248,car,right,fixed,0,55,0,True,up,0,13.7501,15.2659
2026-09-10 01:50:28,125505317406864,bus,right,fixed,0,52,1,False,right,0,13.0001,16.7123
2026-09-10 01:50:29,125505317408496,bike,right,fixed,0,66,0,False,right,0,16.5001,17.949
2026-09-10 01:50:30,125505317408208,truck,right,fixed,0,64,1,False,right,0,16.0001,18.8656
2026-09-10 01:50:30,125505317336128,bike,right,fixed,0,72,2,True,down,2,18.0001,19.4588
2026-09-10 01:50:31,125505317335840,bus,right,fixed,0,67,1,False,right,0,16.7501,20.195
2026-09-10 01:50:32,125505317334064,bike,right,fixed,0,75,2,True,down,0,18.7501,20.5478
2026-09-10 01:50:32,125505317336848,truck,right,fixed,0,76,0,False,right,0,19.0001,20.9168
2026-09-10 01:50:36,125505317410800,bike,right,fixed,0,93,2,True,down,2,23.2501,24.7071
2026-09-10 01:50:36,125505317410992,bike,right,fixed,0,94,1,False,right,0,23.5001,24.9476
2026-09-10 01:50:38,125505317411376,bike,right,fixed,0,103,1,False,right,0,25.7501,27.2095
2026-09-10 01:50:40,125505317336128,bike,right,fixed,0,110,2,False,right,0,27.5001,28.9651
2026-09-10 01:50:40,125505317406912,car,right,fixed,0,111,0,False,right,0,27.7501,29.2707
2026-09-10 01:50:44,125505317414304,truck,right,fixed,0,126,0,False,right,0,31.5001,33.4134
2026-09-10 01:50:50,125505317333296,bus,down,fixed,37.08,2,2,False,down,0,0.5001,39.1013
2026-09-10 01:50:50,125505317333776,bus,down,fixed,34.33,13,0,False,down,0,3.2501,39.1016
2026-09-10 01:50:50,125505317405856,bus,down,fixed,26.09,46,1,False,down,0,11.5001,39.102
2026-09-10 01:50:51,125505317337568,car,down,fixed,33.07,21,2,True,right,0,5.2501,39.937
2026-09-10 01:50:51,125505317338624,car,down,fixed,31.08,29,0,True,left,1,7.2501,39.9373
2026-09-10 01:50:51,125505317333920,car,down,fixed,18.83,78,1,False,down,0,19.5001,39.9377
2026-09-10 01:50:52,125505317405088,bike,down,fixed,29.35,37,0,False,down,0,9.2501,40.5478
2026-09-10 01:50:52,125505317338096,car,down,fixed,32.14,25,2,True,right,0,6.2501,40.5631
2026-09-10 01:50:52,125505317409504,bus,down,fixed,17.35,83,1,False,down,0,20.7501,40.5792
2026-09-10 01:50:52,125505317405232,car,down,fixed,28.41,38,0,False,down,0,9.5001,41.0273
2026-09-10 01:50:52,125505317333872,bus,down,fixed,29.84,33,2,True,right,0,8.2501,41.2051
2026-09-10 01:50:52,125505317411616,car,down,fixed,13.24,101,1,False,down,0,25.2521,41.3982
2026-09-10 01:50:53,125505317405376,bus,down,fixed,27.13,39,0,True,left,2,9.7501,41.7022
2026-09-10 01:50:53,125505317412240,bike,down,fixed,11.94,108,1,False,down,0,27.0011,42.025
2026-09-10 01:50:54,125505317406576,car,down,fixed,26.39,49,0,False,down,0,12.2501,42.5398
2026-09-10 01:50:54,125505317414784,bus,down,fixed,5.85,129,1,False,down,0,32.2501,42.5404
2026-09-10 01:50:54,125505317334592,truck,down,fixed,28.67,34,2,False,down,0,8.5001,42.5554
2026-09-10 01:50:54,125505317407008,bike,down,fixed,25.69,54,0,False,down,0,13.5001,43.166
2026-09-10 01:50:54,125505317406624,bike,down,fixed,27.25,50,2,True,right,0,12.5001,43.3734
2026-09-10 01:50:54,125505317415216,bike,down,fixed,5.75,134,1,False,down,0,33.5001,43.3741
2026-09-10 01:50:55,125505317407968,bike,down,fixed,24.66,61,2,True,right,1,15.2501,43.9208
2026-09-10 01:50:55,125505317408736,car,down,fixed,21.17,73,2,True,right,1,18.2501,44.3571
2026-09-10 01:50:55,125505392719680,truck,down,fixed,22.45,62,0,False,down,0,15.5001,44.4391
2026-09-10 01:50:56,125505317419152,truck,down,fixed,0,172,1,False,down,0,43.0001,45.067
2026-09-10 01:50:56,125505317338864,truck,down,fixed,17.69,81,0,True,left,1,20.2501,45.2594
2026-09-10 01:50:56,125505317410464,truck,down,fixed,14.94,92,2,False,down,0,23.0001,45.2597
2026-09-10 01:50:57,125505317410320,truck,down,fixed,15.69,89,0,True,left,0,22.2501,46.0785
2026-09-10 01:50:57,125505317413008,bus,down,fixed,10.58,114,2,False,down,0,28.5001,46.0788
2026-09-10 01:50:58,125505317411472,bus,down,fixed,14.2,100,0,True,left,0,25.0001,46.8832
2026-09-10 01:50:58,125505317413344,bus,down,fixed,9.8,117,2,False,down,0,29.2501,47.0458
2026-09-10 01:50:59,125505317419776,car,down,fixed,0,184,1,False,down,0,46.0001,47.5286
2026-09-10 01:50:59,125505317412000,bus,down,fixed,12.83,106,0,False,down,0,26.5001,47.8671
2026-09-10 01:50:59,125505317413824,truck,down,fixed,7.44,122,2,True,right,2,30.5001,48.0279
2026-09-10 01:51:00,125505317412432,bus,down,fixed,12.05,109,0,False,down,0,27.2501,48.8295
2026-09-10 01:51:00,125505317336848,bus,down,fixed,7.99,124,2,False,down,0,31.0001,48.8454
2026-09-10 01:51:01,125505317415408,bus,down,fixed,5.82,135,0,False,down,0,33.7512,49.795
2026-09-10 01:51:01,125505317415312,bike,down,fixed,7.63,137,2,True,right,1,34.2505,49.8269
2026-09-10 01:51:01,125505317415840,truck,down,fixed,3.0,140,2,False,down,0,35.0001,50.4696
2026-09-10 01:51:02,125505317411856,truck,down,fixed,3.17,136,0,False,down,0,34.0001,50.8234
2026-09-10 01:51:02,125505317411184,bus,down,fixed,0.41,171,2,True,right,2,42.7501,51.3392
2026-09-10 01:51:03,125505317416320,bus,down,fixed,4.04,143,0,True,left,1,35.7501,51.6434
2026-09-10 01:51:04,125505317417088,bike,down,fixed,5.81,148,0,False,down,0,37.0001,52.6078
2026-09-10 01:51:04,125505317420016,bus,down,fixed,0,182,2,True,right,0,45.5001,52.7051
2026-09-10 01:51:04,125505317417472,bus,down,fixed,2.13,152,0,False,down,0,38.0001,53.1695
2026-09-10 01:51:04,125505317415216,car,down,fixed,0,207,1,False,down,0,51.7501,53.2668
2026-09-10 01:51:05,125505317417712,bus,down,fixed,1.34,153,0,False,down,0,38.2519,54.1469
2026-09-10 01:51:06,125505317412096,bus,down,fixed,0.53,168,0,True,left,2,42.0001,55.0963
2026-09-10 01:51:06,125505317333920,truck,down,fixed,0,194,2,True,right,2,48.5001,55.4359
2026-09-10 01:51:06,125505317405376,truck,down,fixed,0,208,1,False,down,0,52.0001,55.4844
2026-09-10 01:51:07,125505317418336,bike,down,fixed,2.76,169,0,True,left,1,42.2501,55.9645
2026-09-10 01:51:07,125505317406624,bus,down,fixed,0,205,2,False,down,0,51.2501,56.4635
2026-09-10 01:51:08,125505317338096,bus,down,fixed,0,181,0,False,down,0,45.2501,56.8637
2026-09-10 01:51:08,125505317413824,bus,down,fixed,0,221,1,False,down,0,55.2501,57.0724
2026-09-10 01:51:09,125505392719680,car,down,fixed,0,218,0,True,left,2,54.5018,58.0983
2026-09-10 01:51:10,125505317419152,truck,down,fixed,0,220,2,False,down,0,55.0001,58.7582
2026-09-10 01:51:11,125505317411424,bus,down,fixed,0,233,1,False,down,0,58.2501,59.7698
2026-09-10 01:51:11,125505317336848,truck,down,fixed,0,232,0,False,down,0,58.0023,59.9472
2026-09-10 01:51:11,125505317412000,bus,down,fixed,0,227,2,True,right,0,56.7522,60.0902
2026-09-10 01:51:13,125505317505312,truck,down,fixed,0,238,1,False,down,0,59.5001,61.8571
2026-09-10 01:51:19,125505317335552,truck,left,fixed,65.4,1,1,False,left,0,0.2507,68.1332
2026-09-10 01:51:19,125505317335792,truck,left,fixed,64.91,3,2,True,down,0,0.7501,68.1334
2026-09-10 01:51:19,125505317335984,truck,left,fixed,63.41,9,0,False,left,0,2.2501,68.1336
2026-09-10 01:51:20,125505317334208,car,left,fixed,63.0,18,2,False,left,0,4.5001,68.953
2026-09-10 01:51:20,125505317337184,truck,left,fixed,62.19,19,0,True,up,1,4.7501,68.9531
2026-09-10 01:51:20,125505317337904,truck,left,fixed,60.93,24,1,False,left,0,6.0003,68.9532
2026-09-10 01:51:21,125505317338768,truck,left,fixed,59.36,30,2,False,left,0,7.5001,69.6922
2026-09-10 01:51:21,125505317337328,bus,left,fixed,61.5,20,0,False,left,0,5.0001,69.757
2026-09-10 01:51:21,125505317334448,truck,left,fixed,59.87,28,1,False,left,0,7.0001,69.7894
2026-09-10 01:51:22,125505319382112,truck,left,fixed,56.72,41,2,False,left,0,10.2501,70.5477
2026-09-10 01:51:22,125505317405424,bike,left,fixed,58.32,40,1,False,left,0,10.0001,70.5949
2026-09-10 01:51:22,125505390325120,bike,left,fixed,56.7,47,0,False,left,0,11.7524,70.7416
2026-09-10 01:51:22,125505317408160,truck,left,fixed,50.92,63,1,False,left,0,15.7501,71.1756
2026-09-10 01:51:22,125505317338336,bus,left,fixed,49.94,69,0,False,left,0,17.2501,71.3038
2026-09-10 01:51:22,125505317337040,truck,left,fixed,55.71,42,2,False,left,0,10.5002,71.4313
2026-09-10 01:51:23,125505317409888,bus,left,fixed,46.02,86,1,False,left,0,21.5001,71.9927
2026-09-10 01:51:23,125505328295872,bus,left,fixed,55.31,48,2,True,down,2,12.0001,72.2507
2026-09-10 01:51:23,125505317334016,truck,left,fixed,48.56,74,0,True,up,1,18.5001,72.2983
2026-09-10 01:51:24,125505317412384,bike,left,fixed,42.43,107,1,False,left,0,26.7501,72.9388
2026-09-10 01:51:24,125505317410080,bus,left,fixed,45.7,88,0,True,up,1,22.0001,73.1305
2026-09-10 01:51:24,125505317407296,bus,left,fixed,53.9,56,2,True,down,0,14.0001,73.2122
2026-09-10 01:51:24,125505317413104,car,left,fixed,39.42,116,1,False,left,0,29.0001,73.5008
2026-09-10 01:51:25,125505317410512,truck,left,fixed,44.0,91,0,False,left,0,22.7514,74.094
2026-09-10 01:51:25,125505317408928,bus,left,fixed,50.48,70,2,False,left,0,17.5005,74.1267
2026-09-10 01:51:25,125505317412864,bus,left,fixed,37.76,118,1,False,left,0,29.5001,74.2553
2026-09-10 01:51:26,125505317405616,car,left,fixed,44.48,98,0,False,left,0,24.5001,74.9142
2026-09-10 01:51:26,125505317409312,bike,left,fixed,48.55,85,2,False,left,0,21.2501,74.9619
2026-09-10 01:51:26,125505317410800,bus,left,fixed,35.07,132,1,False,left,0,33.0001,75.2042
2026-09-10 01:51:26,125505317411952,car,left,fixed,42.81,104,2,True,down,0,26.0001,75.4613
2026-09-10 01:51:27,125505317414256,bike,left,fixed,38.68,125,0,False,left,0,31.2501,75.6377
2026-09-10 01:51:27,125505317412192,car,left,fixed,42.12,105,2,True,down,0,26.2501,76.1365
2026-09-10 01:51:27,125505317412816,bus,left,fixed,27.94,161,1,False,left,0,40.2501,76.1532
2026-09-10 01:51:27,125505317416176,truck,left,fixed,31.44,141,0,True,up,0,35.2501,76.2175
2026-09-10 01:51:28,125505317417424,bike,left,fixed,32.75,151,0,True,up,0,37.7501,77.0509
2026-09-10 01:51:28,125505317410848,bus,left,fixed,26.57,167,1,False,left,0,41.751,77.1322
2026-09-10 01:51:28,125505317335840,truck,left,fixed,37.16,119,2,True,down,0,29.7501,77.179
2026-09-10 01:51:29,125505317418048,bike,left,fixed,31.76,155,0,False,left,0,38.7501,77.6145
2026-09-10 01:51:29,125505317413632,car,left,fixed,39.11,120,2,False,left,0,30.0001,78.001
2026-09-10 01:51:29,125505317406960,bike,left,fixed,28.23,170,1,False,left,0,42.5001,78.0978
2026-09-10 01:51:29,125505317418192,bike,left,fixed,29.93,163,0,False,left,0,40.7501,78.1616
2026-09-10 01:51:30,125505317409504,car,left,fixed,19.4,201,1,False,left,0,50.2501,78.6428
2026-09-10 01:51:30,125505317414544,bike,left,fixed,38.98,128,2,True,down,2,32.0001,78.7061
2026-09-10 01:51:30,125505317418816,truck,left,fixed,22.18,178,0,True,up,0,44.5001,78.7549
2026-09-10 01:51:30,125505317416368,car,left,fixed,33.63,145,2,True,down,2,36.2501,79.27
2026-09-10 01:51:30,125505317504016,bike,left,fixed,17.36,215,1,False,left,0,53.7501,79.368
2026-09-10 01:51:31,125505317338624,car,left,fixed,21.39,195,0,True,up,1,48.7507,79.5756
2026-09-10 01:51:31,125505317407776,bus,left,fixed,13.61,219,1,False,left,0,54.7501,79.9451
2026-09-10 01:51:31,125505317417856,truck,left,fixed,28.37,154,2,True,down,2,38.5001,80.0256
2026-09-10 01:51:31,125505317405904,bus,left,fixed,19.07,196,0,True,up,2,49.0001,80.3153
2026-09-10 01:51:32,125505317418096,truck,left,fixed,27.3,156,2,False,left,0,39.0001,80.844
2026-09-10 01:51:32,125505317504592,bike,left,fixed,15.28,226,1,False,left,0,56.5001,80.9092
2026-09-10 01:51:32,125505317420784,bus,left,fixed,18.28,198,0,True,up,1,49.5001,81.2799
2026-09-10 01:51:32,125505317338096,car,left,fixed,4.82,262,1,False,left,0,65.5013,81.4406
2026-09-10 01:51:33,125505317334496,bike,left,fixed,31.73,159,2,False,left,0,39.7501,81.7752
2026-09-10 01:51:33,125505317508288,bus,left,fixed,1.19,270,1,False,left,0,67.5001,82.0836
2026-09-10 01:51:33,125505317503104,truck,left,fixed,14.32,211,0,False,left,0,52.7525,82.2605
2026-09-10 01:51:33,125505317419200,bike,left,fixed,28.64,174,2,False,left,0,43.5022,82.3573
2026-09-10 01:51:34,125505317420064,bus,left,fixed,21.99,188,2,False,left,0,47.0001,82.9351
2026-09-10 01:51:34,125505317412432,bus,left,fixed,11.35,231,0,True,up,1,57.7501,83.0818
2026-09-10 01:51:35,125505317420640,truck,left,fixed,17.47,199,2,True,down,0,49.7501,83.9037
2026-09-10 01:51:35,125505317415552,car,left,fixed,10.39,244,0,False,left,0,61.0001,84.0643
2026-09-10 01:51:36,125505317417232,truck,left,fixed,0,282,1,False,left,0,70.5007,84.5297
2026-09-10 01:51:36,125505317408736,car,left,fixed,21.04,200,2,False,left,0,50.0001,84.7223
2026-09-10 01:51:36,125505317418336,bike,left,fixed,8.98,256,0,False,left,0,64.0001,84.7873
2026-09-10 01:51:36,125505317338720,bike,left,fixed,4.14,285,1,False,left,0,71.2501,85.3486
2026-09-10 01:51:36,125505317507040,truck,left,fixed,1.92,257,0,True,up,2,64.2501,85.3813
2026-09-10 01:51:36,125505317334592,bus,left,fixed,16.98,210,2,False,left,0,52.5001,85.4613
2026-09-10 01:51:37,125505317507328,bike,left,fixed,7.87,259,0,True,up,2,64.7501,86.1994
2026-09-10 01:51:37,125505317503392,car,left,fixed,18.53,213,2,False,left,0,53.2504,86.4557
2026-09-10 01:51:38,125505317507280,car,left,fixed,5.42,260,0,False,left,0,65.0001,86.7604
2026-09-10 01:51:38,125505317337664,truck,left,fixed,0,292,1,False,left,0,73.0001,87.2286
2026-09-10 01:51:38,125505317338864,truck,left,fixed,10.07,228,2,False,left,0,57.0001,87.2601
2026-09-10 01:51:38,125505317415648,bus,left,fixed,1.37,280,0,False,left,0,70.0012,87.5026
2026-09-10 01:51:39,125505317503680,bike,left,fixed,15.03,237,2,False,left,0,59.2501,88.0829
2026-09-10 01:51:39,125505317412528,bus,left,fixed,0.56,295,0,True,up,0,73.7501,88.4545
2026-09-10 01:51:40,125505317505840,bus,left,fixed,8.37,246,2,False,left,0,61.5001,88.6458
2026-09-10 01:51:40,125505317505600,truck,left,fixed,0,306,1,False,left,0,76.5001,89.1272
2026-09-10 01:51:41,125505317417712,bus,left,fixed,7.34,252,2,True,down,0,63.0001,89.6061
2026-09-10 01:51:41,125505317508720,bus,left,fixed,0,307,0,True,up,2,76.7501,89.6394
2026-09-10 01:51:41,125505317509824,bike,left,fixed,3.51,311,1,False,left,0,77.7501,89.9443
2026-09-10 01:51:41,125505317337232,bike,left,fixed,2.19,327,1,False,left,0,81.7501,90.5065
2026-09-10 01:51:42,125505317507232,truck,left,fixed,2.78,258,2,True,down,2,64.5001,90.5688
2026-09-10 01:51:42,125505317336368,bus,left,fixed,0,314,0,True,up,0,78.5001,91.3878
2026-09-10 01:51:42,125505317508192,bus,left,fixed,3.21,269,2,False,left,0,67.2507,91.404
2026-09-10 01:51:48,125505317333008,bus,up,fixed,94.8,0,0,True,left,2,0.0003,97.1087
2026-09-10 01:51:48,125505317335696,car,up,fixed,93.82,5,2,True,right,2,1.2501,97.1089
2026-09-10 01:51:48,125505317333440,car,up,fixed,92.58,10,1,False,up,0,2.5001,97.109
2026-09-10 01:51:49,125505317336176,bus,up,fixed,92.53,8,2,False,up,0,2.0001,97.7526
2026-09-10 01:51:49,125505317338000,truck,up,fixed,89.37,26,1,False,up,0,6.5001,97.8802
2026-09-10 01:51:49,125505317405760,bike,up,fixed,85.52,45,0,True,left,1,11.2501,97.9281
2026-09-10 01:51:49,125505317408640,bus,up,fixed,78.02,71,0,False,up,0,17.7501,98.4603
2026-09-10 01:51:50,125505317336416,bus,up,fixed,91.62,11,2,True,right,2,2.7501,98.59
2026-09-10 01:51:50,125505317333968,bus,up,fixed,88.45,31,1,False,up,0,7.7501,98.7022
2026-09-10 01:51:50,125505317333680,bike,up,fixed,76.66,82,0,True,left,2,20.5004,99.3755
2026-09-10 01:51:50,125505317336896,bus,up,fixed,90.71,15,2,False,up,0,3.7501,99.4232
2026-09-10 01:51:51,125505317407440,car,up,fixed,82.79,57,1,False,up,0,14.2501,99.6637
2026-09-10 01:51:51,125505317339056,truck,up,fixed,71.95,95,0,False,up,0,23.7501,100.2284
2026-09-10 01:51:51,125505317404800,car,up,fixed,87.78,36,2,True,right,0,9.0015,100.2606
2026-09-10 01:51:51,125505317407104,bus,up,fixed,81.47,59,1,False,up,0,14.7501,100.4071
2026-09-10 01:51:52,125505317338960,bike,up,fixed,86.27,44,2,False,up,0,11.0001,100.9049
2026-09-10 01:51:52,125505317408496,bike,up,fixed,72.84,99,0,False,up,0,24.7501,101.0343
2026-09-10 01:51:52,125505317409408,car,up,fixed,78.21,77,1,False,up,0,19.2501,101.387
2026-09-10 01:51:53,125505317412960,truck,up,fixed,67.44,113,0,False,up,0,28.2501,101.6117
2026-09-10 01:51:53,125505317332816,car,up,fixed,77.46,80,1,False,up,0,20.0001,102.102
2026-09-10 01:51:53,125505317407344,truck,up,fixed,81.2,58,2,True,right,0,14.5001,102.1184
2026-09-10 01:51:53,125505317413488,bike,up,fixed,68.0,121,0,True,left,1,30.252,102.422
2026-09-10 01:51:54,125505317409984,car,up,fixed,75.88,87,1,False,up,0,21.7501,102.8392
2026-09-10 01:51:54,125505317407728,bike,up,fixed,82.89,60,2,False,up,0,15.0001,102.9362
2026-09-10 01:51:54,125505317413872,bus,up,fixed,65.79,123,0,True,left,0,30.7501,103.0004
2026-09-10 01:51:54,125505317408064,truck,up,fixed,79.45,65,2,True,right,0,16.2501,103.514
2026-09-10 01:51:55,125505317411136,car,up,fixed,73.81,96,1,False,up,0,24.0001,103.5774
2026-09-10 01:51:55,125505317414976,bus,up,fixed,64.3,131,0,False,up,0,32.7501,103.9304
2026-09-10 01:51:55,125505317408784,car,up,fixed,80.68,68,2,False,up,0,17.0013,104.3328
2026-09-10 01:51:55,125505317411232,car,up,fixed,73.21,97,1,False,up,0,24.2501,104.3332
2026-09-10 01:51:56,125505317417616,bike,up,fixed,57.58,166,0,False,up,0,41.5001,104.815
2026-09-10 01:51:56,125505317338432,car,up,fixed,78.46,79,2,True,right,0,19.7501,105.0566
2026-09-10 01:51:56,125505317411760,bus,up,fixed,71.39,102,1,False,up,0,25.5001,105.0732
2026-09-10 01:51:56,125505317405520,car,up,fixed,54.74,173,0,True,left,0,43.2501,105.3308
2026-09-10 01:51:57,125505317334400,bus,up,fixed,76.12,84,2,False,up,0,21.0001,105.7959
2026-09-10 01:51:57,125505317418672,bus,up,fixed,52.68,175,0,False,up,0,43.7501,106.0056
2026-09-10 01:51:57,125505317415360,bus,up,fixed,62.86,138,1,False,up,0,34.5001,106.038
2026-09-10 01:51:58,125505317410272,car,up,fixed,76.29,90,2,False,up,0,22.5001,106.7426
2026-09-10 01:51:58,125505317419536,bike,up,fixed,53.8,183,0,True,left,1,45.7501,106.8235
2026-09-10 01:51:58,125505316812992,bike,up,fixed,60.62,157,1,False,up,0,39.2501,107.0011
2026-09-10 01:51:58,125505317420496,car,up,fixed,51.78,186,0,False,up,0,46.5001,107.3207
2026-09-10 01:51:58,125505317334064,bus,up,fixed,69.38,112,2,True,right,0,28.0001,107.5123
2026-09-10 01:51:59,125505317338192,bike,up,fixed,60.09,158,1,False,up,0,39.5001,107.5609
2026-09-10 01:51:59,125505317337280,truck,up,fixed,55.08,160,1,False,up,0,40.0021,108.1889
2026-09-10 01:51:59,125505317413200,truck,up,fixed,66.92,115,2,False,up,0,28.7501,108.5091
2026-09-10 01:52:00,125505317503536,truck,up,fixed,42.38,214,0,False,up,0,53.5001,108.5601
2026-09-10 01:52:00,125505317418288,truck,up,fixed,51.93,176,1,False,up,0,44.0026,109.0083
2026-09-10 01:52:00,125505317336128,car,up,fixed,63.85,142,2,True,right,2,35.5011,109.3458
2026-09-10 01:52:00,125505317503296,bus,up,fixed,41.48,225,0,False,up,0,56.2501,109.3792
2026-09-10 01:52:01,125505317419632,truck,up,fixed,50.85,177,1,False,up,0,44.2501,109.8274
2026-09-10 01:52:01,125505317416464,car,up,fixed,63.23,144,2,False,up,0,36.0001,110.0676
2026-09-10 01:52:01,125505329737472,bike,up,fixed,41.0,240,0,True,left,2,60.0001,110.3424
2026-09-10 01:52:02,125505317405088,truck,up,fixed,44.45,206,1,False,up,0,51.5001,110.6643
2026-09-10 01:52:02,125505317416608,bike,up,fixed,64.0,146,2,False,up,0,36.5015,110.792
2026-09-10 01:52:02,125505317415840,bus,up,fixed,37.21,242,0,False,up,0,60.5001,110.8899
2026-09-10 01:52:02,125505317417136,car,up,fixed,62.05,150,2,True,right,0,37.5001,111.3562
2026-09-10 01:52:02,125505317410752,bus,up,fixed,42.28,223,1,False,up,0,55.7501,111.4848
2026-09-10 01:52:03,125505392719680,bus,up,fixed,31.08,268,0,True,left,0,67.0001,111.7432
2026-09-10 01:52:03,125505317408592,bus,up,fixed,57.53,162,2,False,up,0,40.5001,112.0947
2026-09-10 01:52:03,125505317505360,bike,up,fixed,41.95,239,1,False,up,0,59.7501,112.4474
2026-09-10 01:52:04,125505317508384,car,up,fixed,32.22,271,0,False,up,0,67.7501,112.6423
2026-09-10 01:52:04,125505317337568,bus,up,fixed,53.55,179,2,False,up,0,44.7501,112.9975
2026-09-10 01:52:04,125505317505552,bike,up,fixed,41.34,241,1,False,up,0,60.2515,112.998
2026-09-10 01:52:04,125505317407008,bus,up,fixed,29.17,275,0,True,left,0,68.7501,113.2703
2026-09-10 01:52:05,125505317406624,car,up,fixed,34.93,261,1,False,up,0,65.2501,113.5588
2026-09-10 01:52:05,125505317420544,truck,up,fixed,48.84,189,2,False,up,0,47.2501,114.0571
2026-09-10 01:52:05,125505317508576,bus,up,fixed,21.13,308,0,True,left,2,77.0001,114.1063
2026-09-10 01:52:05,125505317414064,truck,up,fixed,21.86,296,1,False,up,0,74.0001,114.3315
2026-09-10 01:52:06,125505317406576,car,up,fixed,49.73,204,2,True,right,1,51.003,114.877
2026-09-10 01:52:06,125505317334208,bike,up,fixed,24.38,309,0,True,left,0,77.2501,114.9582
2026-09-10 01:52:06,125505317335792,bus,up,fixed,22.54,304,1,False,up,0,76.0001,115.1514
2026-09-10 01:52:06,125505317510928,bus,up,fixed,18.83,316,0,True,left,1,79.0001,115.4888
2026-09-10 01:52:07,125505317504544,bus,up,fixed,44.28,217,2,True,right,0,54.2501,115.5995
2026-09-10 01:52:07,125505319382112,truck,up,fixed,15.35,323,1,False,up,0,80.7501,116.1289
2026-09-10 01:52:07,125505317408160,bus,up,fixed,16.99,325,0,True,left,1,81.2501,116.3865
2026-09-10 01:52:08,125505317413008,bus,up,fixed,42.85,224,2,True,right,2,56.0001,116.5628
2026-09-10 01:52:08,125505317408928,car,up,fixed,18.23,332,1,False,up,0,83.001,116.9316
2026-09-10 01:52:08,125505317336992,bus,up,fixed,14.52,335,0,False,up,0,83.7501,117.2392
2026-09-10 01:52:09,125505317417088,truck,up,fixed,34.85,245,2,False,up,0,61.2501,117.5771
2026-09-10 01:52:09,125505317413296,car,up,fixed,17.37,336,1,False,up,0,84.0008,117.6901
2026-09-10 01:52:09,125505317408304,bus,up,fixed,13.68,337,0,False,up,0,84.2501,118.1574
2026-09-10 01:52:09,125505317417472,bus,up,fixed,36.75,249,2,False,up,0,62.2501,118.3821
2026-09-10 01:52:10,125505317506224,bus,up,fixed,35.97,251,2,False,up,0,62.7501,119.363
2026-09-10 01:52:11,125505318301776,truck,up,fixed,0,400,1,False,up,0,100.0001,119.5901
2026-09-10 01:52:11,125505317513040,truck,up,fixed,0.85,381,0,False,up,0,95.2501,120.0422
2026-09-10 01:52:11,125505317506896,bus,up,fixed,35.16,255,2,False,up,0,63.7527,120.3136
2026-09-10 01:52:12,125505317417712,bus,up,fixed,2.35,388,0,True,left,0,97.0001,120.8573
2026-09-10 01:52:17,125505317415120,bus,right,fixed,91.36,133,2,True,down,1,33.2501,126.1249
2026-09-10 01:52:17,125505317415792,bus,right,fixed,89.85,139,1,False,right,0,34.7501,126.1251
2026-09-10 01:52:17,125505317414160,bus,right,fixed,91.33,127,0,True,up,2,31.7501,126.1401
2026-09-10 01:52:18,125505317414688,bike,right,fixed,91.3,130,0,False,right,0,32.5016,126.9607
2026-09-10 01:52:18,125505317409600,car,right,fixed,84.34,164,1,False,right,0,41.0001,126.961
2026-09-10 01:52:18,125505317406912,truck,right,fixed,87.73,149,2,False,right,0,37.2501,127.1209
2026-09-10 01:52:18,125505317416896,bus,right,fixed,88.36,147,0,False,right,0,36.7501,127.4403
2026-09-10 01:52:19,125505317406720,car,right,fixed,83.62,165,1,False,right,0,41.2501,127.6024
2026-09-10 01:52:19,125505317419872,bike,right,fixed,79.69,185,2,True,down,1,46.2501,127.9392
2026-09-10 01:52:19,125505317419968,bike,right,fixed,80.87,180,0,True,up,2,45.0001,128.3232
2026-09-10 01:52:19,125505317420592,bike,right,fixed,75.38,203,2,False,right,0,50.7501,128.5
2026-09-10 01:52:20,125505317333872,truck,right,fixed,78.23,187,1,False,right,0,46.7501,128.5965
2026-09-10 01:52:20,125505317504208,bike,right,fixed,72.3,216,2,False,right,0,54.0001,129.0486
2026-09-10 01:52:20,125505317420688,truck,right,fixed,75.7,197,0,True,up,1,49.2501,129.1947
2026-09-10 01:52:20,125505317420352,car,right,fixed,78.34,190,1,False,right,0,47.5001,129.4188
2026-09-10 01:52:21,125505317408208,bike,right,fixed,69.23,229,2,True,down,0,57.2501,129.6119
2026-09-10 01:52:21,125505317404992,truck,right,fixed,74.45,202,0,False,right,0,50.5021,130.016
2026-09-10 01:52:21,125505317333296,bike,right,fixed,78.23,191,1,False,right,0,47.7501,130.1609
2026-09-10 01:52:21,125505317504832,bike,right,fixed,68.68,230,2,True,down,0,57.5001,130.1612
2026-09-10 01:52:22,125505390939648,bike,right,fixed,77.7,192,1,False,right,0,48.0001,130.7216
2026-09-10 01:52:22,125505317406768,car,right,fixed,67.65,234,2,True,down,2,58.5017,130.7219
2026-09-10 01:52:22,125505317405376,bus,right,fixed,59.81,264,0,True,up,0,66.0009,130.8507
2026-09-10 01:52:22,125505390319936,bus,right,fixed,75.51,193,1,False,right,0,48.2501,131.2859
2026-09-10 01:52:22,125505317504736,car,right,fixed,67.02,236,2,False,right,0,59.0001,131.4636
2026-09-10 01:52:23,125505317420832,car,right,fixed,58.31,274,0,False,right,0,68.5001,131.9447
2026-09-10 01:52:23,125505317503584,bus,right,fixed,73.71,209,1,False,right,0,52.2501,132.2187
2026-09-10 01:52:23,125505317505984,truck,right,fixed,63.23,247,2,True,down,0,61.7501,132.2673
2026-09-10 01:52:24,125505317419680,bike,right,fixed,58.03,278,0,False,right,0,69.5004,132.6079
2026-09-10 01:52:24,125505317506560,bike,right,fixed,64.16,254,2,False,right,0,63.5001,133.09
2026-09-10 01:52:24,125505317336560,bike,right,fixed,56.66,284,0,True,up,1,71.0009,133.1058
2026-09-10 01:52:24,125505317503200,bike,right,fixed,74.53,212,1,False,right,0,53.0001,133.1869
2026-09-10 01:52:25,125505317504160,car,right,fixed,52.25,299,0,True,up,2,74.7501,133.5226
2026-09-10 01:52:25,125505317418864,bike,right,fixed,58.84,276,2,True,down,2,69.0001,133.6353
2026-09-10 01:52:25,125505317410464,bus,right,fixed,70.65,222,1,False,right,0,55.5006,133.7461
2026-09-10 01:52:25,125505317335984,bike,right,fixed,49.02,315,0,True,up,1,78.7501,134.0683
2026-09-10 01:52:25,125505317416128,bus,right,fixed,55.52,283,2,False,right,0,70.7501,134.2123
2026-09-10 01:52:26,125505317334016,car,right,fixed,43.5,334,0,True,up,2,83.5001,134.5218
2026-09-10 01:52:26,125505317415456,bus,right,fixed,67.53,235,1,False,right,0,58.7501,134.7128
2026-09-10 01:52:26,125505317409552,car,right,fixed,55.84,286,2,False,right,0,71.5001,135.1635
2026-09-10 01:52:26,125505317405616,car,right,fixed,42.16,340,0,False,right,0,85.0001,135.2119
2026-09-10 01:52:27,125505317415216,bus,right,fixed,65.65,243,1,False,right,0,60.7501,135.6772
2026-09-10 01:52:27,125505317412000,car,right,fixed,35.06,369,0,True,up,2,92.2524,135.9375
2026-09-10 01:52:27,125505317333488,car,right,fixed,54.96,291,2,True,down,0,72.7501,135.9524
2026-09-10 01:52:28,125505317417520,car,right,fixed,29.85,390,0,True,up,1,97.5001,136.5159
2026-09-10 01:52:28,125505317506512,bus,right,fixed,51.56,300,2,False,right,0,75.0001,136.6116
2026-09-10 01:52:28,125505317333920,car,right,fixed,65.3,250,1,False,right,0,62.5001,136.642
2026-09-10 01:52:28,125505317336848,bus,right,fixed,26.39,399,0,True,up,1,99.7501,137.2563
2026-09-10 01:52:28,125505317509728,car,right,fixed,52.05,302,2,False,right,0,75.5001,137.4491
2026-09-10 01:52:28,125505317408112,truck,right,fixed,59.23,263,1,False,right,0,65.7501,137.4961
2026-09-10 01:52:29,125505317337328,car,right,fixed,45.98,328,2,True,down,2,82.0001,138.0742
2026-09-10 01:52:29,125505317408880,truck,right,fixed,54.71,281,1,False,right,0,70.2501,138.3153
2026-09-10 01:52:30,125505317412144,bus,right,fixed,43.73,331,2,False,right,0,82.7501,138.7139
2026-09-10 01:52:30,125505317412480,truck,right,fixed,22.85,409,0,False,right,0,102.2501,139.0045
2026-09-10 01:52:30,125505317411472,bike,right,fixed,57.17,290,1,False,right,0,72.5001,139.1317
2026-09-10 01:52:31,125505317509440,car,right,fixed,54.37,297,1,False,right,0,74.2501,139.6941
2026-09-10 01:52:31,125505317335456,bike,right,fixed,26.7,413,0,True,up,2,103.2501,139.8234
2026-09-10 01:52:31,125505317414736,truck,right,fixed,38.2,347,2,False,right,0,86.7501,140.1132
2026-09-10 01:52:31,125505317503872,bike,right,fixed,55.06,298,1,False,right,0,74.5001,140.387
2026-09-10 01:52:31,125505317510256,truck,right,fixed,20.1,420,0,True,up,0,105.0001,140.3882
2026-09-10 01:52:32,125505317337424,car,right,fixed,37.19,367,2,True,down,2,91.7501,140.9339
2026-09-10 01:52:32,125505317405328,bike,right,fixed,49.98,321,1,False,right,0,80.2514,140.9506
2026-09-10 01:52:32,125505317507232,car,right,fixed,11.38,471,0,True,up,1,117.7501,141.2081
2026-09-10 01:52:32,125505317410224,bike,right,fixed,45.69,339,1,False,right,0,84.7501,141.5121
2026-09-10 01:52:33,125505317405712,bus,right,fixed,23.83,414,2,True,down,1,103.5001,141.6746
2026-09-10 01:52:33,125505317334064,bike,right,fixed,12.24,473,0,False,right,0,118.2501,141.9971
2026-09-10 01:52:33,125505317418048,truck,right,fixed,39.22,343,1,False,right,0,85.7507,142.1573
2026-09-10 01:52:34,125505317413248,bus,right,fixed,8.19,474,0,False,right,0,118.5001,142.5587
2026-09-10 01:52:34,125505317513808,car,right,fixed,23.84,422,2,True,down,2,105.5001,142.623
2026-09-10 01:52:34,125505317410656,truck,right,fixed,38.14,344,1,False,right,0,86.0001,142.9749
2026-09-10 01:52:34,125505317404800,truck,right,fixed,15.2,439,2,False,right,0,109.7501,143.3932
2026-09-10 01:52:34,125505317336128,car,right,fixed,9.51,475,0,False,right,0,118.7501,143.4422
2026-09-10 01:52:35,125505317412816,bus,right,fixed,39.96,346,1,False,right,0,86.5001,143.8083
2026-09-10 01:52:35,125505317335792,bus,right,fixed,2.74,490,0,False,right,0,125.0001,144.0842
2026-09-10 01:52:35,125505317332816,bike,right,fixed,20.1,445,2,False,right,0,111.2501,144.195
2026-09-10 01:52:36,125505317415312,bike,right,fixed,42.56,356,1,False,right,0,89.0001,144.7568
2026-09-10 01:52:36,125505317515488,bus,right,fixed,13.29,458,2,False,right,0,114.5001,144.7738
2026-09-10 01:52:36,125505317406192,truck,right,fixed,33.46,366,1,False,right,0,91.5003,145.3535
2026-09-10 01:52:37,125505317406384,car,right,fixed,14.83,459,2,True,down,0,114.7501,145.7411
2026-09-10 01:52:37,125505317507520,bus,right,fixed,32.49,382,1,False,right,0,95.5001,146.1579
2026-09-10 01:52:37,125505317506320,car,right,fixed,12.82,470,2,False,right,0,117.5001,146.4823
2026-09-10 01:52:38,125505317513328,bike,right,fixed,36.02,384,1,False,right,0,96.0019,147.1245
2026-09-10 01:52:38,125505317337280,car,right,fixed,12.21,472,2,True,down,0,118.0001,147.2212
2026-09-10 01:52:39,125505317404752,truck,right,fixed,26.46,394,1,False,right,0,98.5001,147.7145
2026-09-10 01:52:39,125505317420544,truck,right,fixed,0.96,488,2,False,right,0,124.0001,147.9894
2026-09-10 01:52:40,125505317410416,truck,right,fixed,24.22,403,1,False,right,0,100.7501,148.5515
2026-09-10 01:52:40,125505317336368,bus,right,fixed,26.66,406,1,False,right,0,101.501,149.3552
2026-09-10 01:52:41,125505318301776,truck,right,fixed,0,499,2,True,down,2,129.5006,149.8893
2026-09-10 01:52:46,125505317416320,bus,down,fixed,91.61,248,1,False,down,0,62.0001,155.1421
2026-09-10 01:52:46,125505317507472,car,down,fixed,87.12,266,0,True,left,2,66.5001,155.1423
2026-09-10 01:52:46,125505317405808,truck,down,fixed,89.99,253,2,False,down,0,63.2501,155.1578
2026-09-10 01:52:47,125505317507712,bike,down,fixed,86.6,267,0,False,down,0,66.7501,155.6878
2026-09-10 01:52:47,125505317413824,car,down,fixed,88.12,265,1,False,down,0,66.2501,155.9769
2026-09-10 01:52:47,125505317509536,bike,down,fixed,79.37,301,2,True,right,0,75.2531,155.9773
2026-09-10 01:52:47,125505317508528,truck,down,fixed,85.22,272,0,False,down,0,68.0001,156.4761
2026-09-10 01:52:48,125505317406048,bus,down,fixed,74.32,320,2,True,right,1,80.0001,156.5251
2026-09-10 01:52:48,125505317420016,bus,down,fixed,82.4,287,1,False,down,0,71.7501,156.6223
2026-09-10 01:52:48,125505317413344,car,down,fixed,85.36,273,0,False,down,0,68.2501,157.2957
2026-09-10 01:52:48,125505317420064,car,down,fixed,61.74,372,2,False,down,0,93.0001,157.4088
2026-09-10 01:52:48,125505317337472,car,down,fixed,81.96,288,1,False,down,0,72.0001,157.4404
2026-09-10 01:52:49,125505317409936,truck,down,fixed,81.74,289,0,True,left,0,72.2508,158.0519
2026-09-10 01:52:49,125505317414784,car,down,fixed,61.05,373,2,False,down,0,93.2501,158.0686
2026-09-10 01:52:49,125505317405664,car,down,fixed,81.11,294,1,False,down,0,73.5003,158.083
2026-09-10 01:52:50,125505317510400,car,down,fixed,78.94,303,1,False,down,0,75.7504,158.7073
2026-09-10 01:52:50,125505317508336,bike,down,fixed,77.59,312,0,True,left,0,78.0011,158.8686
2026-09-10 01:52:50,125505317418336,truck,down,fixed,59.01,374,2,True,right,2,93.5001,159.0154
2026-09-10 01:52:50,125505317407392,car,down,fixed,74.28,322,1,False,down,0,80.5001,159.3529
2026-09-10 01:52:50,125505317337904,truck,down,fixed,74.75,317,0,False,down,0,79.2501,159.433
2026-09-10 01:52:51,125505317337664,bus,down,fixed,56.06,395,2,False,down,0,98.7505,159.8364
2026-09-10 01:52:51,125505317418480,bus,down,fixed,66.38,351,1,False,down,0,87.7501,159.9968
2026-09-10 01:52:51,125505390325120,car,down,fixed,75.44,318,0,True,left,0,79.5001,160.2518
2026-09-10 01:52:52,125505317510640,bike,down,fixed,66.85,355,1,False,down,0,88.7501,160.7962
2026-09-10 01:52:52,125505317334544,car,down,fixed,56.09,396,2,False,down,0,99.0001,160.7966
2026-09-10 01:52:52,125505317411952,bike,down,fixed,74.81,326,0,False,down,0,81.5001,160.9728
2026-09-10 01:52:52,125505317510448,car,down,fixed,65.5,358,1,False,down,0,89.5001,161.2941
2026-09-10 01:52:53,125505317412192,car,down,fixed,73.38,330,0,False,down,0,82.5026,161.5863
2026-09-10 01:52:53,125505317411808,car,down,fixed,52.26,415,2,False,down,0,103.7501,161.6831
2026-09-10 01:52:53,125505317405904,car,down,fixed,64.78,360,1,False,down,0,90.0001,161.9267
2026-09-10 01:52:53,125505318298128,car,down,fixed,69.8,345,0,False,down,0,86.2501,162.2972
2026-09-10 01:52:53,125505317335696,bike,down,fixed,51.5,421,2,False,down,0,105.2523,162.2979
2026-09-10 01:52:54,125505317338096,bike,down,fixed,64.97,361,1,False,down,0,90.2505,162.5549
2026-09-10 01:52:54,125505317333632,bus,down,fixed,48.69,426,2,False,down,0,106.5001,162.7962
2026-09-10 01:52:54,125505317413584,truck,down,fixed,66.91,348,0,False,down,0,87.0001,163.0679
2026-09-10 01:52:55,125505317336320,car,down,fixed,47.47,435,2,False,down,0,108.7522,163.6313
2026-09-10 01:52:55,125505317407968,truck,down,fixed,65.84,352,0,True,left,1,88.0036,163.8881
2026-09-10 01:52:55,125505317514768,car,down,fixed,46.75,438,2,False,down,0,109.5001,164.2585
2026-09-10 01:52:55,125505317511840,truck,down,fixed,61.5,370,1,False,down,0,92.5001,164.4169
2026-09-10 01:52:56,125505317416224,bike,down,fixed,68.65,353,0,False,down,0,88.2501,164.7055
2026-09-10 01:52:56,125505317334592,car,down,fixed,62.3,378,1,False,down,0,94.5001,165.2352
2026-09-10 01:52:56,125505317512128,truck,down,fixed,62.99,364,0,True,left,1,91.0001,165.2512
2026-09-10 01:52:57,125505317417232,truck,down,fixed,58.5,379,1,False,down,0,94.7516,165.974
2026-09-10 01:52:57,125505317420640,bus,down,fixed,63.65,368,0,True,left,0,92.0001,166.0704
2026-09-10 01:52:58,125505317415648,bike,down,fixed,61.48,387,1,False,down,0,96.7501,166.7772
2026-09-10 01:52:58,125505317413968,bike,down,fixed,64.56,375,0,False,down,0,93.7501,167.0351
2026-09-10 01:52:58,125505317408256,bus,down,fixed,57.63,393,1,False,down,0,98.2529,167.3557
2026-09-10 01:52:59,125505317335744,bus,down,fixed,54.2,407,0,True,left,0,101.7501,167.6486
2026-09-10 01:52:59,125505317333680,bike,down,fixed,54.74,416,1,False,down,0,104.0001,168.3255
2026-09-10 01:53:00,125505317336896,bike,down,fixed,50.87,432,0,False,down,0,108.0001,168.6134
2026-09-10 01:53:00,125505317333440,bike,down,fixed,54.2,418,1,False,down,0,104.5001,168.8743
2026-09-10 01:53:00,125505317407344,bike,down,fixed,44.81,457,0,True,left,0,114.2521,169.194
2026-09-10 01:53:00,125505320501376,truck,down,fixed,47.74,425,1,False,down,0,106.2501,169.4828
2026-09-10 01:53:01,125505317408928,bus,down,fixed,28.74,495,0,False,down,0,127.5001,169.7405
2026-09-10 01:53:01,125505317405520,bus,down,fixed,44.79,446,1,False,down,0,111.5017,170.3023
2026-09-10 01:53:02,125505317413056,truck,down,fixed,41.52,449,1,False,down,0,112.2501,171.2661
2026-09-10 01:53:03,125505317338192,car,down,fixed,42.76,463,1,False,down,0,115.7501,172.0873
2026-09-10 01:53:04,125505317515536,bike,down,fixed,43.02,469,1,False,down,0,117.2501,172.8275
2026-09-10 01:53:04,125505317418912,bus,down,fixed,37.47,477,1,False,down,0,119.2527,173.3872
2026-09-10 01:53:05,125505317508720,bike,down,fixed,38.27,485,1,False,down,0,122.5001,174.3671
2026-09-10 01:53:15,125505317511312,bike,left,fixed,94.24,319,0,True,up,0,79.7517,184.1442
2026-09-10 01:53:15,125505317414496,bike,left,fixed,99.07,277,2,True,down,1,69.2501,184.16
2026-09-10 01:53:15,125505317509920,truck,left,fixed,91.78,350,1,False,left,0,87.5021,184.1931
2026-09-10 01:53:16,125505317411280,bike,left,fixed,98.35,279,2,False,left,0,69.7501,184.5293
2026-09-10 01:53:16,125505317334304,truck,left,fixed,88.51,324,0,True,up,1,81.0001,184.7377
2026-09-10 01:53:16,125505317338528,truck,left,fixed,90.71,357,1,False,left,0,89.2501,185.0104
2026-09-10 01:53:16,125505317339008,truck,left,fixed,90.69,293,2,True,down,0,73.2501,185.2997
2026-09-10 01:53:17,125505317413104,truck,left,fixed,87.44,333,0,False,left,0,83.2501,185.5585
2026-09-10 01:53:17,125505317418816,bus,left,fixed,90.31,362,1,False,left,0,90.5001,185.8157
2026-09-10 01:53:17,125505328295872,bus,left,fixed,92.09,313,2,True,down,1,78.2501,186.1208
2026-09-10 01:53:17,125505317335936,truck,left,fixed,86.36,341,0,False,left,0,85.2501,186.3768
2026-09-10 01:53:18,125505317512704,car,left,fixed,89.88,377,1,False,left,0,94.2501,186.7944
2026-09-10 01:53:18,125505317412864,bus,left,fixed,91.31,338,2,True,down,1,84.5001,187.0851
2026-09-10 01:53:18,125505317415072,car,left,fixed,89.44,342,0,True,up,1,85.5001,187.198
2026-09-10 01:53:18,125505317512848,car,left,fixed,88.35,383,1,False,left,0,95.7501,187.5034
2026-09-10 01:53:19,125505317417952,bus,left,fixed,86.94,349,0,True,up,2,87.2501,187.9365
2026-09-10 01:53:19,125505317417424,bike,left,fixed,92.78,354,2,False,left,0,88.5023,188.0487
2026-09-10 01:53:19,125505317406096,truck,left,fixed,85.67,389,1,False,left,0,97.2501,188.2742
2026-09-10 01:53:20,125505317512080,car,left,fixed,91.37,363,2,False,left,0,90.7501,188.6113
2026-09-10 01:53:20,125505317504592,bus,left,fixed,86.17,359,0,True,up,1,89.7512,188.9167
2026-09-10 01:53:20,125505317411520,bike,left,fixed,83.93,405,1,False,left,0,101.2501,189.077
2026-09-10 01:53:20,125505317418096,bus,left,fixed,89.44,365,2,True,down,2,91.2501,189.2865
2026-09-10 01:53:21,125505317419104,car,left,fixed,82.01,410,1,False,left,0,102.5001,189.6555
2026-09-10 01:53:21,125505317512560,truck,left,fixed,83.78,376,0,True,up,0,94.0001,189.8984
2026-09-10 01:53:21,125505317511024,bike,left,fixed,90.78,371,2,True,down,2,92.7501,190.1381
2026-09-10 01:53:21,125505317514048,bike,left,fixed,78.54,428,1,False,left,0,107.0002,190.3784
2026-09-10 01:53:22,125505317338720,bike,left,fixed,90.14,380,2,False,left,0,95.0001,190.634
2026-09-10 01:53:22,125505317507280,bus,left,fixed,84.25,385,0,False,left,0,96.2501,190.6992
2026-09-10 01:53:22,125505317338000,car,left,fixed,77.09,431,1,False,left,0,107.7501,190.9421
2026-09-10 01:53:22,125505317513184,car,left,fixed,88.08,386,2,True,down,2,96.5005,191.0552
2026-09-10 01:53:23,125505317339056,bike,left,fixed,75.98,440,1,False,left,0,110.0001,191.6682
2026-09-10 01:53:23,125505317405856,truck,left,fixed,81.88,391,0,True,up,1,97.7501,191.6989
2026-09-10 01:53:23,125505317338864,bike,left,fixed,86.51,397,2,True,down,1,99.2503,191.7958
2026-09-10 01:53:23,125505317337184,car,left,fixed,84.89,398,2,True,down,2,99.5001,192.2458
2026-09-10 01:53:23,125505317412960,truck,left,fixed,70.99,447,1,False,left,0,111.7501,192.2462
2026-09-10 01:53:23,125505317407824,bike,left,fixed,85.54,392,0,False,left,0,98.0001,192.5034
2026-09-10 01:53:24,125505317420160,bike,left,fixed,85.08,404,2,False,left,0,101.0001,192.9547
2026-09-10 01:53:24,125505317408544,bike,left,fixed,73.37,452,0,False,left,0,113.0001,193.0509
2026-09-10 01:53:24,125505317417616,bike,left,fixed,73.27,453,1,False,left,0,113.2501,193.0666
2026-09-10 01:53:24,125505317411904,bike,left,fixed,84.06,408,2,False,left,0,102.0001,193.4211
2026-09-10 01:53:25,125505317415360,car,left,fixed,69.49,464,1,False,left,0,116.0029,193.6149
2026-09-10 01:53:25,125505317420496,truck,left,fixed,66.05,467,0,False,left,0,116.7501,193.6307
2026-09-10 01:53:25,125505317509104,bike,left,fixed,80.25,424,2,True,down,0,106.0001,193.9828
2026-09-10 01:53:25,125505317337520,bike,left,fixed,64.86,484,1,False,left,0,122.0012,194.3369
2026-09-10 01:53:25,125505317334208,truck,left,fixed,62.56,481,0,True,up,2,120.5001,194.4492
2026-09-10 01:53:26,125505317408160,truck,left,fixed,59.24,487,1,False,left,0,123.5001,194.9151
2026-09-10 01:53:26,125505317408640,truck,left,fixed,75.54,429,2,False,left,0,107.2501,195.1702
2026-09-10 01:53:27,125505317406480,bike,left,fixed,61.89,491,1,False,left,0,125.5018,195.7338
2026-09-10 01:53:27,125505317407488,truck,left,fixed,73.79,437,2,True,down,2,109.2515,195.9905
2026-09-10 01:53:27,125505329066640,car,left,fixed,59.67,493,1,False,left,0,126.5001,196.2825
2026-09-10 01:53:28,125505317410560,bus,left,fixed,67.86,468,2,True,down,2,117.0001,196.8115
2026-09-10 01:53:29,125505392719680,bike,left,fixed,69.37,476,2,True,down,0,119.0001,197.9341
2026-09-10 01:53:29,125505317416608,car,left,fixed,67.32,478,2,True,down,1,119.5001,198.4339
2026-09-10 01:53:30,125505390320128,car,left,fixed,66.06,482,2,True,down,2,121.0032,199.107
2026-09-10 01:53:31,125505317420736,truck,left,fixed,55.13,496,2,False,left,0,128.0001,199.9721
2026-09-10 01:53:44,125505317337040,bike,up,fixed,97.62,401,0,False,up,0,100.2501,213.1646
2026-09-10 01:53:44,125505320883392,truck,up,fixed,111.71,305,2,True,right,2,76.2501,213.1966
2026-09-10 01:53:44,125505317510352,truck,up,fixed,91.71,436,1,False,up,0,109.0001,213.197
2026-09-10 01:53:45,125505317407536,bike,up,fixed,96.9,402,0,False,up,0,100.5001,213.5333
2026-09-10 01:53:45,125505317505744,car,up,fixed,94.17,427,0,True,left,1,106.7501,214.0018
2026-09-10 01:53:45,125505317419536,car,up,fixed,93.54,448,1,False,up,0,112.0017,214.0021
2026-09-10 01:53:45,125505317337136,car,up,fixed,116.91,310,2,True,right,2,77.5026,214.0184
2026-09-10 01:53:46,125505317337808,car,up,fixed,112.28,329,2,True,right,1,82.2501,214.7411
2026-09-10 01:53:46,125505317338384,bus,up,fixed,91.52,466,1,False,up,0,116.5003,214.757
2026-09-10 01:53:46,125505317413488,bus,up,fixed,91.42,430,0,True,left,0,107.5001,214.7734
2026-09-10 01:53:46,125505317412528,car,up,fixed,96.28,411,2,False,up,0,102.7501,215.4964
2026-09-10 01:53:47,125505317409408,car,up,fixed,92.47,443,0,True,left,0,110.7501,215.6083
2026-09-10 01:53:47,125505317419632,bike,up,fixed,92.15,479,1,False,up,0,119.752,215.7059
2026-09-10 01:53:47,125505317509488,bus,up,fixed,93.11,417,2,True,right,0,104.2501,216.2175
2026-09-10 01:53:47,125505317411136,car,up,fixed,91.75,450,0,True,left,2,112.5001,216.2336
2026-09-10 01:53:47,125505317414064,truck,up,fixed,87.3,489,1,False,up,0,124.5001,216.2979
2026-09-10 01:53:48,125505317408784,car,up,fixed,91.04,454,0,True,left,2,113.5001,216.8919
2026-09-10 01:53:48,125505317514960,car,up,fixed,94.94,423,2,True,right,0,105.7501,217.2438
2026-09-10 01:53:49,125505317411760,bus,up,fixed,88.23,456,0,True,left,2,114.0001,217.5194
2026-09-10 01:53:49,125505317408688,car,up,fixed,94.2,444,2,False,up,0,111.0001,217.873
2026-09-10 01:53:49,125505317337952,bike,up,fixed,91.14,460,0,True,left,2,115.0001,218.3418
2026-09-10 01:53:50,125505316812992,truck,up,fixed,90.35,461,2,True,right,1,115.2501,218.7114
2026-09-10 01:53:51,125505317420256,truck,up,fixed,84.81,462,0,True,left,1,115.5001,219.7523
2026-09-10 01:53:52,125505317338432,bus,up,fixed,86.55,465,0,False,up,0,116.2501,220.5718
2026-09-10 01:53:53,125505317415840,truck,up,fixed,83.29,480,0,True,left,1,120.0001,221.5667
2026-09-10 01:53:53,125505390738560,bus,up,fixed,84.87,483,0,True,left,2,121.503,222.5
2026-09-10 01:53:54,125505317406624,car,up,fixed,86.32,486,0,False,up,0,123.0001,223.4973
2026-09-10 01:53:55,125505319382112,bus,up,fixed,83.68,492,0,True,left,0,126.0001,224.1889
2026-09-10 01:53:56,125505317408352,bus,up,fixed,82.83,497,0,False,up,0,128.5001,225.0872
2026-09-10 01:53:57,125505317416032,bike,up,fixed,85.5,498,0,True,left,0,129.0014,225.9061
2026-09-10 01:54:13,125505317507088,bus,right,fixed,117.42,412,1,False,right,0,103.0005,242.1678
2026-09-10 01:54:14,125505317514528,bus,right,fixed,115.65,419,1,False,right,0,104.7514,243.0038
2026-09-10 01:54:15,125505317336416,bike,right,fixed,117.34,433,1,False,right,0,108.2501,243.8263
2026-09-10 01:54:15,125505317338960,bike,right,fixed,116.72,434,1,False,right,0,108.5001,244.2931
2026-09-10 01:54:16,125505317413872,truck,right,fixed,106.5,441,1,False,right,0,110.2501,245.2229
2026-09-10 01:54:17,125505317414016,truck,right,fixed,105.43,442,1,False,right,0,110.5001,246.0423
2026-09-10 01:54:18,125505317414976,truck,right,fixed,103.99,451,1,False,right,0,112.7501,246.8613
2026-09-10 01:54:19,125505317509824,car,right,fixed,110.66,455,1,False,right,0,113.7519,247.6807
2026-09-10 01:54:19,125505317337616,bike,right,fixed,100.92,494,1,False,right,0,127.0001,248.4056
