timestamp,vehicle_id,vehicle_type,direction,mode,wait_time_sec,plan_seq,lane,will_turn,turn_direction,target_turn_lane,released_sec,crossed_sec
2026-09-10 02:20:49,134235670917872,car,up,priority,7.06,2,1,False,up,0,1.0001,10.09
2026-09-10 02:20:49,134235670917968,car,up,priority,6.56,3,2,False,up,0,1.5001,10.0901
2026-09-10 02:20:49,134235670918016,bus,up,priority,5.29,5,0,False,up,0,2.5001,10.0903
2026-09-10 02:20:50,134235670917920,truck,up,priority,5.6,4,1,False,up,0,2.0001,10.8643
2026-09-10 02:20:50,134235670916240,bus,up,priority,0.58,17,0,True,left,0,8.5001,10.9454
2026-09-10 02:20:51,134235670919792,car,up,priority,0,20,1,False,up,0,10.0001,12.0062
2026-09-10 02:20:52,134235670918160,bike,up,priority,0,22,1,False,up,0,11.0001,12.9842
2026-09-10 02:21:00,134235670914848,bus,down,priority,19.57,0,2,True,right,2,0.0003,21.0905
2026-09-10 02:21:00,134235670915664,truck,down,priority,15.68,7,0,True,left,2,3.5001,21.1065
2026-09-10 02:21:00,134235670920128,truck,down,priority,6.7,25,1,False,down,0,12.5001,21.1069
2026-09-10 02:21:01,134235670918304,bus,down,priority,14.59,11,2,False,down,0,5.5001,21.9248
2026-09-10 02:21:01,134235670919504,car,down,priority,9.92,21,0,True,left,2,10.5001,21.9252
2026-09-10 02:21:01,134235670920320,car,down,priority,6.31,27,1,False,down,0,13.5001,21.9253
2026-09-10 02:21:02,134235672131488,bus,down,priority,2.81,35,0,False,down,0,17.5001,22.6659
2026-09-10 02:21:02,134235670916672,bus,down,priority,1.8,37,1,False,down,0,18.5001,22.6661
2026-09-10 02:21:02,134235670919408,truck,down,priority,10.94,18,2,False,down,0,9.0001,23.0661
2026-09-10 02:21:03,134235670919696,truck,down,priority,9.86,19,2,True,right,1,9.5001,23.8854
2026-09-10 02:21:03,134235670915424,car,down,priority,0,44,0,True,left,1,22.0001,24.0306
2026-09-10 02:21:04,134235670919984,truck,down,priority,8.43,23,2,False,down,0,11.5001,24.7054
2026-09-10 02:21:05,134235670918592,bike,down,priority,0,48,0,True,left,1,24.0001,25.2357
2026-09-10 02:21:05,134235670537728,car,down,priority,8.37,26,2,False,down,0,13.0007,25.5739
2026-09-10 02:21:06,134235670916000,truck,down,priority,5.55,29,2,False,down,0,14.5001,26.3902
2026-09-10 02:21:06,134235671003552,car,down,priority,0,51,0,True,left,0,25.5001,27.0178
2026-09-10 02:21:11,134235670917680,bike,left,priority,29.94,1,2,True,down,2,0.5001,32.0865
2026-09-10 02:21:11,134235670915616,bike,left,priority,18.44,24,1,False,left,0,12.0001,32.0869
2026-09-10 02:21:11,134235670918064,truck,left,priority,25.65,8,0,True,up,1,4.0001,32.1184
2026-09-10 02:21:12,134235670918256,car,left,priority,28.06,6,2,True,down,1,3.0001,32.5193
2026-09-10 02:21:12,134235670920464,car,left,priority,16.07,30,1,False,left,0,15.0001,32.5198
2026-09-10 02:21:12,134235670918448,bike,left,priority,25.86,10,0,False,left,0,5.0001,32.9373
2026-09-10 02:21:12,134235670920800,bike,left,priority,12.5,38,1,False,left,0,19.0001,33.0505
2026-09-10 02:21:13,134235670920896,truck,left,priority,14.34,33,2,True,down,2,16.5001,33.4213
2026-09-10 02:21:13,134235670919024,truck,left,priority,23.67,14,0,False,left,0,7.0001,33.5172
2026-09-10 02:21:14,134235670919696,bike,left,priority,1.69,61,2,True,down,1,30.5001,34.2415
2026-09-10 02:21:14,134235670919168,car,left,priority,23.59,16,0,False,left,0,8.0012,34.337
2026-09-10 02:21:14,134235670915808,bus,left,priority,0,63,1,False,left,0,31.5001,34.466
2026-09-10 02:21:14,134235670916240,bike,left,priority,12.91,39,0,False,left,0,19.5001,35.0643
2026-09-10 02:21:15,134235670916672,car,left,priority,0,67,2,False,left,0,33.5001,35.4179
2026-09-10 02:21:15,134235671003840,car,left,priority,5.98,52,0,False,left,0,26.0001,35.6269
2026-09-10 02:21:16,134235670914848,bus,left,priority,3.99,55,0,True,up,2,27.5001,36.366
2026-09-10 02:21:22,134235670918736,bike,right,priority,35.62,12,1,False,right,0,6.0001,43.0757
2026-09-10 02:21:22,134235670918976,bus,right,priority,34.08,15,0,True,up,0,7.5001,43.0919
2026-09-10 02:21:22,134235670918352,truck,right,priority,36.69,9,2,False,right,0,4.5001,43.1082
2026-09-10 02:21:23,134235670918832,truck,right,priority,34.11,13,1,False,right,0,6.5001,43.6861
2026-09-10 02:21:23,134235670917248,bike,right,priority,28.49,28,0,True,up,0,14.0001,43.9268
2026-09-10 02:21:23,134235697724160,bus,right,priority,5.71,73,2,False,right,0,36.5001,43.9434
2026-09-10 02:21:24,134235670920752,car,right,priority,26.88,31,0,False,right,0,15.5001,44.424
2026-09-10 02:21:24,134235670917920,car,right,priority,21.57,42,1,False,right,0,21.0001,44.5057
2026-09-10 02:21:24,134235670915424,bus,right,priority,4.83,75,2,True,down,2,37.5001,44.8916
2026-09-10 02:21:24,134235671005136,car,right,priority,12.75,60,1,False,right,0,30.0001,45.2293
2026-09-10 02:21:25,134235670916432,truck,right,priority,18.93,46,0,True,up,0,23.0001,45.3895
2026-09-10 02:21:25,134235670915664,truck,right,priority,3.44,76,2,False,right,0,38.0001,45.8895
2026-09-10 02:21:25,134235671005712,car,right,priority,0.43,85,1,False,right,0,42.5001,45.9854
2026-09-10 02:21:25,134235670915856,car,right,priority,18.48,49,0,False,right,0,24.5001,46.2095
2026-09-10 02:21:26,134235671004560,bike,right,priority,14.61,58,0,True,up,0,29.0001,46.9623
2026-09-10 02:21:27,134235681898176,bus,right,priority,0,88,0,False,right,0,44.0001,47.9098
2026-09-10 02:21:33,134235670915904,bike,up,priority,35.29,34,1,False,up,0,17.0001,54.0969
2026-09-10 02:21:33,134235670916480,truck,up,priority,35.43,32,2,False,up,0,16.0001,54.1133
2026-09-10 02:21:33,134235671003216,truck,up,priority,30.92,41,0,False,up,0,20.5001,54.1136
2026-09-10 02:21:34,134235670918208,bus,up,priority,32.73,40,1,False,up,0,20.0003,54.595
2026-09-10 02:21:34,134235670920560,bus,up,priority,34.6,36,2,False,up,0,18.0001,54.9312
2026-09-10 02:21:34,134235670918160,car,up,priority,30.55,45,0,False,up,0,22.5001,54.9314
2026-09-10 02:21:35,134235671003888,bike,up,priority,26.85,54,1,False,up,0,27.0017,55.4129
2026-09-10 02:21:35,134235670919792,car,up,priority,29.94,47,0,False,up,0,23.5001,55.6871
2026-09-10 02:21:35,134235671003792,bus,up,priority,28.33,50,2,True,right,1,25.0001,55.895
2026-09-10 02:21:35,134235671005184,bus,up,priority,23.25,59,1,False,up,0,29.5001,55.9275
2026-09-10 02:21:36,134235671003984,bus,up,priority,26.73,53,0,True,left,0,26.5001,56.4084
2026-09-10 02:21:36,134235670918304,car,up,priority,22.72,62,1,False,up,0,31.0001,56.7443
2026-09-10 02:21:36,134235671004464,car,up,priority,26.07,56,2,False,up,0,28.0001,56.857
2026-09-10 02:21:37,134235670920416,car,up,priority,20.63,66,1,False,up,0,33.0001,57.3859
2026-09-10 02:21:37,134235672131488,car,up,priority,22.08,64,2,False,up,0,32.0001,57.5949
2026-09-10 02:21:37,134235670919360,bus,up,priority,18.87,68,1,False,up,0,34.0009,58.011
2026-09-10 02:21:38,134235670920848,truck,up,priority,0,111,0,True,left,1,55.5001,58.3016
2026-09-10 02:21:38,134235670920320,truck,up,priority,19.95,65,2,False,up,0,32.5001,58.3654
2026-09-10 02:21:38,134235670915184,bike,up,priority,16.18,78,2,False,up,0,39.0001,59.1837
2026-09-10 02:21:39,134235670915376,truck,up,priority,17.84,69,1,False,up,0,34.5001,59.6471
2026-09-10 02:21:39,134235670920128,bus,up,priority,7.05,93,2,False,up,0,46.5001,59.7606
2026-09-10 02:21:40,134235670918928,truck,up,priority,16.78,70,1,False,up,0,35.0006,60.4854
2026-09-10 02:21:40,134235671004320,truck,up,priority,2.59,101,2,False,up,0,50.5001,60.7429
2026-09-10 02:21:41,134235670537728,bus,up,priority,17.0,71,1,False,up,0,35.5001,61.2898
2026-09-10 02:21:42,134235715603392,bus,up,priority,16.22,72,1,False,up,0,36.0001,62.2726
2026-09-10 02:21:42,134235670916768,truck,up,priority,0,115,2,False,up,0,57.5001,62.6417
2026-09-10 02:21:43,134235670916096,bike,up,priority,12.13,89,1,False,up,0,44.5001,63.2523
2026-09-10 02:21:43,134235670917584,bike,up,priority,11.03,91,1,False,up,0,45.5001,63.7985
2026-09-10 02:21:48,134235670919888,car,down,priority,42.57,43,2,False,down,0,21.5001,69.0942
2026-09-10 02:21:48,134235671003456,bus,down,priority,24.57,86,0,True,left,2,43.0001,69.0947
2026-09-10 02:21:48,134235671004944,truck,down,priority,38.68,57,1,False,down,0,28.5001,69.1106
2026-09-10 02:21:49,134235670915520,bus,down,priority,31.09,74,2,False,down,0,37.0001,69.7378
2026-09-10 02:21:49,134235670918256,bus,down,priority,29.72,77,1,False,down,0,38.5001,69.9465
2026-09-10 02:21:49,134235670918736,truck,down,priority,17.94,100,0,True,left,2,50.0001,70.0911
2026-09-10 02:21:50,134235670920368,bus,down,priority,26.08,84,2,True,right,2,42.0001,70.5712
2026-09-10 02:21:50,134235670918352,car,down,priority,15.17,107,0,True,left,2,53.5001,70.9082
2026-09-10 02:21:50,134235670920896,truck,down,priority,26.93,82,1,False,down,0,41.0014,70.9243
2026-09-10 02:21:51,134235671004896,bus,down,priority,8.09,120,2,True,right,1,60.0001,71.4088
2026-09-10 02:21:51,134235670919072,bus,down,priority,24.98,87,1,False,down,0,43.5001,71.7478
2026-09-10 02:21:52,134235670919312,bike,down,priority,23.51,92,1,False,down,0,46.0019,72.7111
2026-09-10 02:21:52,134235670920656,truck,down,priority,2.95,130,2,False,down,0,65.0001,72.7933
2026-09-10 02:21:52,134235670537728,car,down,priority,0,143,0,True,left,0,71.5001,73.0191
2026-09-10 02:21:53,134235671005328,truck,down,priority,19.44,97,1,False,down,0,48.5001,73.29
2026-09-10 02:21:53,134235670919936,bus,down,priority,2.76,131,2,False,down,0,65.5004,73.6099
2026-09-10 02:21:53,134235670920752,car,down,priority,16.97,105,1,False,down,0,52.5001,74.1092
2026-09-10 02:21:54,134235670920416,bus,down,priority,1.98,133,2,False,down,0,66.5001,74.5776
2026-09-10 02:21:54,134235670918400,truck,down,priority,11.95,112,1,False,down,0,56.0001,74.8675
2026-09-10 02:21:55,134235671003792,truck,down,priority,0,136,2,True,right,0,68.0001,75.6217
2026-09-10 02:21:55,134235671005088,truck,down,priority,5.92,124,1,False,down,0,62.001,75.6866
2026-09-10 02:22:01,134235670915616,car,left,priority,40.75,79,2,True,down,0,39.5001,82.1061
2026-09-10 02:22:01,134235670918640,car,left,priority,38.74,83,1,False,left,0,41.5001,82.1063
2026-09-10 02:22:01,134235671003312,truck,left,priority,39.67,80,0,False,left,0,40.0001,82.1384
2026-09-10 02:22:02,134235670915472,bus,left,priority,33.41,95,2,False,left,0,47.5001,82.7479
2026-09-10 02:22:02,134235670919024,truck,left,priority,35.88,90,1,False,left,0,45.0001,82.8763
2026-09-10 02:22:02,134235670920464,truck,left,priority,38.6,81,0,False,left,0,40.5001,82.9579
2026-09-10 02:22:03,134235697724160,bike,left,priority,27.89,108,2,False,left,0,54.0017,83.5678
2026-09-10 02:22:03,134235670916672,bike,left,priority,32.51,99,1,False,left,0,49.5001,83.6789
2026-09-10 02:22:03,134235670916240,car,left,priority,34.71,94,0,True,up,1,47.0001,83.7748
2026-09-10 02:22:03,134235671005136,bike,left,priority,22.25,119,2,True,down,0,59.5001,84.0488
2026-09-10 02:22:04,134235671006240,car,left,priority,30.13,103,1,False,left,0,51.5001,84.2579
2026-09-10 02:22:04,134235670917680,truck,left,priority,25.86,110,0,True,up,1,55.0001,84.5127
2026-09-10 02:22:04,134235670915904,bus,left,priority,20.24,121,2,False,left,0,60.5012,84.5606
2026-09-10 02:22:04,134235671006384,bus,left,priority,28.31,106,1,False,left,0,53.0001,84.9938
2026-09-10 02:22:05,134235670915328,car,left,priority,23.59,117,0,True,up,1,58.5001,85.3325
2026-09-10 02:22:05,134235670916096,bus,left,priority,8.64,146,1,False,left,0,73.0001,85.9451
2026-09-10 02:22:05,134235681897168,truck,left,priority,8.61,145,2,False,left,0,72.5001,85.9616
2026-09-10 02:22:05,134235670411840,bike,left,priority,19.24,127,0,True,up,2,63.5001,86.057
2026-09-10 02:22:06,134235681782912,bus,left,priority,10.37,142,0,True,up,1,71.0001,86.6194
2026-09-10 02:22:06,134235670916768,truck,left,priority,7.43,147,2,False,left,0,73.5001,86.7801
2026-09-10 02:22:06,134235670915520,truck,left,priority,2.6,157,1,False,left,0,78.5001,86.9586
2026-09-10 02:22:07,134235671007632,car,left,priority,3.66,158,2,False,left,0,79.0001,87.602
2026-09-10 02:22:07,134235670919072,bus,left,priority,0,164,0,True,up,0,82.0001,87.731
2026-09-10 02:22:08,134235670918784,car,left,priority,0.13,165,0,True,up,2,82.5001,88.566
2026-09-10 02:22:08,134235670916144,truck,left,priority,0,173,1,False,left,0,86.5001,88.8543
2026-09-10 02:22:09,134235670920656,truck,left,priority,0,168,2,False,left,0,84.0009,89.4968
2026-09-10 02:22:09,134235671007776,bike,left,priority,0.16,175,1,False,left,0,87.5001,89.6573
2026-09-10 02:22:10,134235670920416,bike,left,priority,0.88,172,2,True,down,0,86.0001,90.3166
2026-09-10 02:22:15,134235671003648,bus,right,priority,46.59,96,1,False,right,0,48.0001,96.1053
2026-09-10 02:22:15,134235670916432,bus,right,priority,42.58,104,2,True,down,2,52.0001,96.1055
2026-09-10 02:22:15,134235670918976,truck,right,priority,45.21,98,0,False,right,0,49.0002,96.1216
2026-09-10 02:22:16,134235671006336,bike,right,priority,44.6,102,0,False,right,0,51.0001,96.943
2026-09-10 02:22:16,134235670921184,bike,right,priority,39.01,113,1,False,right,0,56.5001,96.9432
2026-09-10 02:22:16,134235681898176,truck,right,priority,37.96,114,2,False,right,0,57.0001,97.1038
2026-09-10 02:22:17,134235671004848,truck,right,priority,33.95,122,0,True,up,1,61.0001,97.5242
2026-09-10 02:22:17,134235671005568,truck,right,priority,32.43,125,1,False,right,0,62.5001,97.6688
2026-09-10 02:22:17,134235670921136,car,right,priority,31.68,128,2,False,right,0,64.0001,97.9256
2026-09-10 02:22:18,134235670920512,truck,right,priority,25.44,139,0,False,right,0,69.5001,98.3452
2026-09-10 02:22:18,134235743552960,bus,right,priority,10.44,170,1,False,right,0,85.0001,98.49
2026-09-10 02:22:18,134235672131488,truck,right,priority,28.94,132,2,True,down,2,66.0001,98.6657
2026-09-10 02:22:18,134235670919696,bike,right,priority,25.97,140,0,False,right,0,70.0001,99.1801
2026-09-10 02:22:19,134235670920320,bike,right,priority,27.93,137,2,True,down,1,68.5009,99.4699
2026-09-10 02:22:19,134235671005904,truck,right,priority,5.44,179,1,False,right,0,89.5001,99.4705
2026-09-10 02:22:19,134235670917824,truck,right,priority,23.6,141,0,True,up,1,70.5001,99.8054
2026-09-10 02:22:19,134235670915184,truck,right,priority,25.61,138,2,False,right,0,69.0001,100.0635
2026-09-10 02:22:20,134235697724160,truck,right,priority,2.96,184,1,False,right,0,92.0001,100.3039
2026-09-10 02:22:20,134235670917872,bike,right,priority,24.6,144,0,True,up,0,72.0001,100.6716
2026-09-10 02:22:20,134235671006000,bus,right,priority,21.27,149,2,False,right,0,74.5001,100.8638
2026-09-10 02:22:20,134235670537728,bike,right,priority,16.07,162,0,False,right,0,81.0001,101.2158
2026-09-10 02:22:21,134235670918352,car,right,priority,0,199,1,False,right,0,99.5001,101.537
2026-09-10 02:22:21,134235670920752,car,right,priority,12.11,169,0,True,up,1,84.5001,101.683
2026-09-10 02:22:21,134235671003600,bus,right,priority,18.39,155,2,True,down,2,77.501,101.8258
2026-09-10 02:22:22,134235670919744,bike,right,priority,0,202,0,True,up,0,101.0001,102.7249
2026-09-10 02:22:22,134235670920896,car,right,priority,15.37,163,2,True,down,2,81.5001,102.8035
2026-09-10 02:22:22,134235670915520,car,right,priority,0,201,1,False,right,0,100.5001,102.8843
2026-09-10 02:22:23,134235670919312,car,right,priority,13.56,167,2,False,right,0,83.5001,103.5426
2026-09-10 02:22:24,134235670919936,truck,right,priority,9.44,171,2,False,right,0,85.5001,104.3122
2026-09-10 02:22:24,134235671007872,truck,right,priority,0,204,0,True,up,1,102.0001,104.7155
2026-09-10 02:22:26,134235670917872,car,right,priority,0,210,2,True,down,2,105.0001,106.5142
2026-09-10 02:22:31,134235670918832,bike,up,priority,50.32,109,1,False,up,0,54.5001,112.1033
2026-09-10 02:22:31,134235670919360,truck,up,priority,42.43,134,0,False,up,0,67.0001,112.1197
2026-09-10 02:22:31,134235671004128,truck,up,priority,47.6,123,2,True,right,2,61.5001,112.1357
2026-09-10 02:22:32,134235670915424,car,up,priority,48.4,116,1,False,up,0,58.0001,112.5248
2026-09-10 02:22:32,134235670917968,bike,up,priority,28.76,166,0,False,up,0,83.0001,112.9266
2026-09-10 02:22:32,134235671007104,bike,up,priority,47.82,126,2,False,up,0,63.0001,112.9424
2026-09-10 02:22:33,134235671003264,truck,up,priority,45.7,118,1,False,up,0,59.0001,113.4249
2026-09-10 02:22:33,134235670915616,bike,up,priority,23.78,176,0,False,up,0,88.0001,113.4888
2026-09-10 02:22:33,134235670920224,bus,up,priority,43.46,135,2,False,up,0,67.5001,113.5048
2026-09-10 02:22:33,134235670916672,bus,up,priority,16.5,189,0,False,up,0,94.5001,114.0524
2026-09-10 02:22:33,134235670915664,bus,up,priority,45.22,129,1,False,up,0,64.5001,114.2289
2026-09-10 02:22:34,134235671003504,bike,up,priority,36.88,151,2,False,up,0,75.5001,114.4853
2026-09-10 02:22:34,134235671004944,bike,up,priority,16.83,191,0,False,up,0,95.5001,115.0301
2026-09-10 02:22:34,134235671003408,car,up,priority,33.83,156,2,False,up,0,78.0001,115.0458
2026-09-10 02:22:34,134235671004080,bike,up,priority,36.62,152,1,False,up,0,76.0001,115.2067
2026-09-10 02:22:35,134235671003360,car,up,priority,9.43,205,0,True,left,0,102.5001,115.5777
2026-09-10 02:22:35,134235670919888,bike,up,priority,36.03,153,1,False,up,0,76.5001,115.7541
2026-09-10 02:22:35,134235670918064,bus,up,priority,19.95,183,2,False,up,0,91.5001,115.8024
2026-09-10 02:22:36,134235671005808,bike,up,priority,24.21,177,1,False,up,0,88.5017,116.3158
2026-09-10 02:22:36,134235670917824,truck,up,priority,3.87,214,0,True,left,1,107.0001,116.3829
2026-09-10 02:22:36,134235670919024,bike,up,priority,20.09,186,2,False,up,0,93.0001,116.7016
2026-09-10 02:22:36,134235670915808,car,up,priority,19.77,185,1,False,up,0,92.5001,116.8622
2026-09-10 02:22:36,134235670411840,bike,up,priority,18.92,188,2,False,up,0,94.0001,117.166
2026-09-10 02:22:37,134235670920704,bike,up,priority,15.25,196,1,False,up,0,98.0001,117.6026
2026-09-10 02:22:37,134235670915712,car,up,priority,12.33,200,2,False,up,0,100.0001,117.6508
2026-09-10 02:22:37,134235671004032,car,up,priority,9.11,207,1,False,up,0,103.5001,118.1666
2026-09-10 02:22:38,134235670915904,truck,up,priority,0,226,0,False,up,0,113.0001,118.2802
2026-09-10 02:22:38,134235745261888,car,up,priority,8.54,208,2,False,up,0,104.0001,118.2954
2026-09-10 02:22:38,134235671007488,car,up,priority,8.43,209,1,False,up,0,104.5001,118.9225
2026-09-10 02:22:38,134235670921136,bus,up,priority,2.52,218,2,False,up,0,109.0001,118.9228
2026-09-10 02:22:39,134235670916480,bus,up,priority,0,230,0,True,left,2,115.0001,119.5648
2026-09-10 02:22:39,134235670918976,car,up,priority,6.58,213,1,False,up,0,106.5001,119.6289
2026-09-10 02:22:39,134235670919744,bus,up,priority,0.7,222,2,True,right,1,111.0001,119.7427
2026-09-10 02:22:40,134235745262656,car,up,priority,0,232,0,True,left,2,116.0001,120.4799
2026-09-10 02:22:40,134235671005952,bike,up,priority,0,234,0,True,left,1,117.0001,121.1865
2026-09-10 02:22:47,134235670918640,bike,left,priority,36.78,180,2,True,down,2,90.0001,128.0931
2026-09-10 02:22:47,134235671003792,bus,left,priority,35.01,182,1,False,left,0,91.0001,128.1258
2026-09-10 02:22:47,134235670917680,truck,left,priority,29.67,192,0,False,left,0,96.0001,128.1419
2026-09-10 02:22:48,134235670916240,bus,left,priority,31.76,190,2,False,left,0,95.0001,128.607
2026-09-10 02:22:48,134235681897168,car,left,priority,31.01,193,1,False,left,0,96.5001,128.9608
2026-09-10 02:22:48,134235670916768,bike,left,priority,29.28,197,0,True,up,2,98.5001,128.961
2026-09-10 02:22:49,134235671005712,bike,left,priority,21.87,212,2,True,down,1,106.0003,129.4273
2026-09-10 02:22:49,134235671005424,car,left,priority,24.44,206,0,False,left,0,103.0001,129.5068
2026-09-10 02:22:49,134235670920272,bus,left,priority,29.75,194,1,False,left,0,97.0001,129.5875
2026-09-10 02:22:49,134235670537728,bike,left,priority,18.2,219,2,True,down,2,109.5009,129.9085
2026-09-10 02:22:49,134235670921184,car,left,priority,22.25,211,0,False,left,0,105.5001,130.2285
2026-09-10 02:22:50,134235670918832,bus,left,priority,8.09,238,1,False,left,0,119.0001,130.4214
2026-09-10 02:22:50,134235670916624,truck,left,priority,12.19,229,2,False,left,0,114.5001,130.8079
2026-09-10 02:22:50,134235743552960,truck,left,priority,18.37,217,0,True,up,2,108.5001,130.999
2026-09-10 02:22:51,134235670919936,car,left,priority,12.41,231,2,False,left,0,115.5001,131.608
2026-09-10 02:22:51,134235670919792,bus,left,priority,17.49,220,0,True,up,0,110.0001,131.818
2026-09-10 02:22:52,134235672131488,bus,left,priority,16.26,223,0,False,left,0,111.5001,132.7791
2026-09-10 02:22:53,134235670918304,bike,left,priority,16.95,225,0,True,up,1,112.5001,133.7283
2026-09-10 02:22:54,134235671006144,bus,left,priority,8.11,239,0,True,up,1,119.5001,134.2903
2026-09-10 02:22:59,134235670920368,bus,down,priority,61.59,154,0,True,left,0,77.0022,140.1163
2026-09-10 02:22:59,134235670918688,car,down,priority,39.6,198,1,False,down,0,99.0001,140.1165
2026-09-10 02:22:59,134235671004320,truck,down,priority,62.63,148,2,True,right,1,74.0001,140.1486
2026-09-10 02:23:00,134235670919600,car,down,priority,37.73,203,1,False,down,0,101.5001,140.6627
2026-09-10 02:23:00,134235671005040,bike,down,priority,60.02,159,0,False,down,0,79.5012,140.9517
2026-09-10 02:23:00,134235671003696,bus,down,priority,62.19,150,2,True,right,2,75.0001,140.9679
2026-09-10 02:23:00,134235681898176,car,down,priority,31.72,215,1,False,down,0,107.5001,141.2245
2026-09-10 02:23:01,134235670918256,bus,down,priority,58.84,160,0,False,down,0,80.0001,141.4488
2026-09-10 02:23:01,134235670918880,car,down,priority,5.23,247,1,False,down,0,134.0001,141.7698
2026-09-10 02:23:01,134235671007584,bike,down,priority,59.5,161,2,True,right,1,80.5001,142.0118
2026-09-10 02:23:02,134235671006720,car,down,priority,52.5,174,0,False,down,0,87.0001,142.2842
2026-09-10 02:23:02,134235671003984,truck,down,priority,48.58,181,2,False,down,0,90.5001,142.6233
2026-09-10 02:23:02,134235671004368,bus,down,priority,50.1,178,0,False,down,0,89.0001,142.9286
2026-09-10 02:23:02,134235670920272,car,down,priority,0,250,1,False,down,0,140.0001,143.1051
2026-09-10 02:23:03,134235670920464,bike,down,priority,47.03,187,2,True,right,2,93.5001,143.4436
2026-09-10 02:23:03,134235670919504,bike,down,priority,26.62,227,0,True,left,1,113.5001,143.7497
2026-09-10 02:23:03,134235681782912,bike,down,priority,43.2,195,2,True,right,0,97.5001,143.9906
2026-09-10 02:23:04,134235671005856,car,down,priority,22.24,235,0,True,left,2,117.5001,144.2348
2026-09-10 02:23:04,134235743552960,bike,down,priority,0.14,251,2,True,right,0,142.0001,144.5412
2026-09-10 02:23:05,134235670919360,truck,down,priority,16.96,241,0,True,left,0,122.0001,145.6803
2026-09-10 02:23:06,134235745261888,bike,down,priority,13.44,244,0,False,down,0,128.0001,146.4976
2026-09-10 02:23:06,134235670919168,car,down,priority,8.95,246,0,True,left,0,132.0001,147.0426
2026-09-10 02:23:12,134235670915520,bike,right,priority,39.64,224,0,True,up,0,112.0001,153.1006
2026-09-10 02:23:12,134235670920656,car,right,priority,7.6,252,2,True,down,2,144.0001,153.1165
2026-09-10 02:23:12,134235671903696,truck,right,priority,43.22,216,1,False,right,0,108.0001,153.1326
2026-09-10 02:23:13,134235670919072,bus,right,priority,38.12,228,0,True,up,1,114.0001,153.6135
2026-09-10 02:23:13,134235681898176,car,right,priority,2.22,255,2,True,down,0,150.0001,153.6629
2026-09-10 02:23:13,134235697724160,car,right,priority,41.94,221,1,False,right,0,110.5,153.9507
2026-09-10 02:23:14,134235670917536,truck,right,priority,35.47,233,0,True,up,0,116.5001,154.6896
2026-09-10 02:23:14,134235743363456,bus,right,priority,34.34,236,1,False,right,0,118.0001,154.6897
2026-09-10 02:23:15,134235743364416,car,right,priority,34.34,237,0,True,up,1,118.5001,155.5074
2026-09-10 02:23:15,134235670537728,bike,right,priority,17.16,248,1,False,right,0,136.0001,155.636
2026-09-10 02:23:16,134235670915424,bus,right,priority,32.59,240,0,True,up,0,120.0001,156.2777
2026-09-10 02:23:16,134235670916144,bike,right,priority,5.69,254,0,False,right,0,148.0001,157.1952
2026-09-10 02:23:23,134235670920272,truck,down,priority,10.22,256,0,False,down,0,152.0001,164.1345
2026-09-10 02:23:23,134235745261888,truck,down,priority,8.21,257,2,True,right,0,154.0001,164.1347
2026-09-10 02:23:24,134235743552960,truck,down,priority,2.98,260,2,True,right,1,160.0001,164.9726
2026-09-10 02:23:24,134235743364416,bus,down,priority,1.25,261,0,False,down,0,162.0001,164.9728
2026-09-10 02:23:34,134235743955584,car,up,priority,43.1,245,0,True,left,0,130.0001,175.1219
2026-09-10 02:23:34,134235715603392,truck,up,priority,48.46,242,1,False,up,0,124.0001,175.1375
2026-09-10 02:23:35,134235670916432,bike,up,priority,28.48,253,0,False,up,0,146.0013,175.6528
2026-09-10 02:23:35,134235681897168,bike,up,priority,36.77,249,1,False,up,0,138.0001,175.9431
2026-09-10 02:23:35,134235670918160,car,up,priority,18.11,258,0,True,left,2,156.0001,176.1052
2026-09-10 02:23:36,134235745261888,bus,up,priority,1.98,266,1,False,up,0,172.0001,176.5225
2026-09-10 02:23:38,134235743364416,truck,up,priority,0,268,2,False,up,0,176.0001,178.69
2026-09-10 02:23:39,134235670920176,car,up,priority,0,269,1,False,up,0,178.0003,180.0371
2026-09-10 02:23:45,134235670411840,bike,left,priority,54.8,243,0,False,left,0,126.0001,186.1234
2026-09-10 02:23:45,134235670919600,bike,left,priority,26.47,259,1,False,left,0,158.0001,186.1236
2026-09-10 02:23:45,134235670537728,truck,left,priority,17.68,263,2,True,down,2,166.0009,186.1562
2026-09-10 02:23:46,134235671903696,truck,left,priority,20.7,262,1,False,left,0,164.0001,186.7178
2026-09-10 02:23:49,134235745261888,bus,left,priority,0,274,1,False,left,0,188.0001,190.1144
2026-09-10 02:23:51,134235681898176,bus,left,priority,0,275,1,False,left,0,190.0001,191.8643
2026-09-10 02:23:56,134235670920752,bus,right,priority,27.6,264,0,True,up,1,168.0001,197.1154
2026-09-10 02:23:56,134235670919408,truck,right,priority,25.22,265,2,True,down,1,170.0001,197.1319
2026-09-10 02:23:57,134235715603392,bike,right,priority,10.51,273,0,False,right,0,186.0001,197.9503
2026-09-10 02:23:58,134235743364416,bike,right,priority,0.59,278,0,False,right,0,196.0001,198.4155
2026-09-10 02:24:07,134235670919312,car,down,priority,32.59,267,0,True,left,1,174.0001,208.1186
2026-09-10 02:24:07,134235670917248,car,down,priority,26.61,270,2,False,down,0,180.0001,208.1187
2026-09-10 02:24:07,134235743363456,car,down,priority,2.6,282,1,False,down,0,204.0001,208.119
2026-09-10 02:24:08,134235671903696,bike,down,priority,9.37,279,0,False,down,0,198.0001,208.6494
2026-09-10 02:24:08,134235670921040,bus,down,priority,23.12,272,2,True,right,0,184.0001,208.7623
2026-09-10 02:24:08,134235681897168,bus,down,priority,1.11,283,1,False,down,0,206.0001,208.7626
2026-09-10 02:24:11,134235743364416,bus,down,priority,0,285,1,False,down,0,210.0001,211.5262
2026-09-10 02:24:18,134235743552960,bus,up,priority,34.81,271,2,True,right,0,182.0001,219.1184
2026-09-10 02:24:18,134235670916144,bus,up,priority,24.81,276,1,False,up,0,192.0001,219.1186
2026-09-10 02:24:18,134235670411840,bus,up,priority,22.8,277,0,True,left,1,194.0001,219.1187
2026-09-10 02:24:19,134235671903696,bike,up,priority,2.78,288,0,False,up,0,216.0001,219.9377
2026-09-10 02:24:19,134235670920560,bus,up,priority,6.11,286,1,False,up,0,212.0001,219.9702
2026-09-10 02:24:19,134235681898176,truck,up,priority,16.11,281,2,False,up,0,202.0007,220.115
2026-09-10 02:24:29,134235681782912,car,left,priority,28.27,280,0,False,left,0,200.0001,230.1212
2026-09-10 02:24:30,134235672131488,truck,left,priority,0.89,294,0,True,up,2,228.0001,230.8922
2026-09-10 02:24:32,134235743552960,truck,left,priority,0,295,1,False,left,0,230.0001,232.4616
2026-09-10 02:24:33,134235670920992,bus,left,priority,0,296,1,False,left,0,232.0001,234.1436
2026-09-10 02:24:40,134235670916576,bus,right,priority,31.6,284,2,False,right,0,208.0001,241.121
2026-09-10 02:24:41,134235670537728,car,right,priority,18.35,291,2,True,down,0,222.0001,241.9579
2026-09-10 02:24:42,134235670916432,bus,right,priority,16.11,292,2,True,down,1,224.0001,242.5997
2026-09-10 02:24:42,134235670920512,truck,right,priority,0,302,0,False,right,0,241.0001,242.9232
2026-09-10 02:24:43,134235670920752,bike,right,priority,0.34,301,2,False,right,0,240.5001,243.4197
2026-09-10 02:24:44,134235670920368,car,right,priority,0,305,2,False,right,0,242.5001,244.526
2026-09-10 02:24:44,134235672131488,truck,right,priority,0,303,0,False,right,0,241.5001,244.8152
2026-09-10 02:24:44,134235670913984,bike,right,priority,0,307,1,False,right,0,243.5001,244.9605
2026-09-10 02:24:46,134235670915904,bike,right,priority,0,311,2,False,right,0,245.5001,246.9493
2026-09-10 02:24:51,134235670920560,bus,up,priority,15.81,297,2,True,right,0,234.0001,252.1226
2026-09-10 02:24:51,134235670919456,bus,up,priority,7.82,304,0,True,left,1,242.0001,252.1229
2026-09-10 02:24:51,134235670918544,bus,up,priority,4.82,310,1,False,up,0,245.0001,252.1231
2026-09-10 02:24:52,134235670920080,bike,up,priority,4.84,312,1,False,up,0,246.0001,252.9423
2026-09-10 02:24:52,134235670920608,bike,up,priority,3.78,316,0,True,left,2,248.0001,252.9425
2026-09-10 02:24:52,134235670919936,truck,up,priority,7.11,308,2,False,up,0,244.0001,253.1196
2026-09-10 02:24:53,134235670918400,bike,up,priority,2.62,318,1,False,up,0,249.0001,253.4251
2026-09-10 02:24:53,134235670919552,truck,up,priority,3.95,314,2,False,up,0,247.0001,253.94
2026-09-10 02:24:54,134235670921184,car,up,priority,2.48,319,2,True,right,1,249.5001,254.7584
2026-09-10 02:24:55,134235670916432,bike,up,priority,0,327,0,False,up,0,253.5001,255.304
2026-09-10 02:24:56,134235672131488,car,up,priority,0,330,2,False,up,0,255.0001,257.0389
2026-09-10 02:25:02,134235670920992,bike,right,priority,14.15,315,0,True,up,2,247.5001,263.109
2026-09-10 02:25:02,134235670920896,bus,right,priority,11.6,320,1,False,right,0,250.0002,263.1264
2026-09-10 02:25:02,134235670920800,car,right,priority,5.61,332,2,False,right,0,256.0001,263.1268
2026-09-10 02:25:03,134235670917680,bus,right,priority,11.61,321,0,True,up,1,250.5001,263.6253
2026-09-10 02:25:03,134235670915904,truck,right,priority,3.47,337,2,False,right,0,258.5001,263.8986
2026-09-10 02:25:03,134235670920752,truck,right,priority,7.98,328,1,False,right,0,254.0001,264.123
2026-09-10 02:25:04,134235670919888,bike,right,priority,2.12,341,0,False,right,0,260.5001,264.444
2026-09-10 02:25:04,134235670916048,bus,right,priority,2.35,340,2,False,right,0,260.0001,264.6999
2026-09-10 02:25:04,134235670918208,bike,right,priority,0.7,344,0,False,right,0,262.0008,264.9268
2026-09-10 02:25:04,134235670918352,truck,right,priority,3.95,336,1,False,right,0,258.0002,264.9415
2026-09-10 02:25:05,134235670919456,car,right,priority,3.84,338,1,False,right,0,259.0001,265.7627
2026-09-10 02:25:06,134235670915808,truck,right,priority,0.47,343,1,False,right,0,261.5001,266.5154
2026-09-10 02:25:06,134235670918976,truck,right,priority,0,346,0,True,up,1,263.0001,266.8695
2026-09-10 02:25:07,134235670919504,car,right,priority,0.74,345,1,False,right,0,262.5003,267.3341
2026-09-10 02:25:13,134235670916144,car,left,priority,36.28,298,0,True,up,1,236.0001,274.1287
2026-09-10 02:25:13,134235681898176,bike,left,priority,34.47,299,1,False,left,0,238.0001,274.1289
2026-09-10 02:25:13,134235745262656,car,left,priority,2.77,359,2,True,down,1,269.5001,274.1295
2026-09-10 02:25:14,134235743552960,car,left,priority,30.12,306,1,False,left,0,243.0001,274.5624
2026-09-10 02:25:14,134235670919264,truck,left,priority,28.4,309,0,False,left,0,244.5001,274.8994
2026-09-10 02:25:14,134235670916000,bike,left,priority,25.04,317,1,False,left,0,248.5001,275.0918
2026-09-10 02:25:15,134235670913984,car,left,priority,21.7,324,0,True,up,0,252.0001,275.7007
2026-09-10 02:25:15,134235670537728,bus,left,priority,21.78,322,1,False,left,0,251.0001,275.7485
2026-09-10 02:25:16,134235670920368,bike,left,priority,21.51,325,0,True,up,2,252.5001,276.4368
2026-09-10 02:25:16,134235670920848,bus,left,priority,19.77,326,0,False,left,0,253.0001,276.999
2026-09-10 02:25:16,134235670918592,truck,left,priority,15.62,335,1,False,left,0,257.5001,276.9992
2026-09-10 02:25:17,134235670921184,bike,left,priority,9.74,350,1,False,left,0,265.0001,277.8188
2026-09-10 02:25:17,134235670916672,bike,left,priority,9.38,351,0,True,up,2,265.5001,277.9629
2026-09-10 02:25:18,134235670920560,car,left,priority,8.17,352,1,False,left,0,266.0001,278.3665
2026-09-10 02:25:18,134235670920992,car,left,priority,6.2,356,0,True,up,1,268.0001,278.5268
2026-09-10 02:25:18,134235671007152,bike,left,priority,7.59,355,1,False,left,0,267.5001,279.0883
2026-09-10 02:25:19,134235670919648,bus,left,priority,1.15,365,0,False,left,0,272.5001,279.2639
2026-09-10 02:25:19,134235671003984,car,left,priority,5.97,357,1,False,left,0,268.5001,279.6504
2026-09-10 02:25:19,134235670919360,car,left,priority,0.18,373,0,False,left,0,276.5009,280.115
2026-09-10 02:25:20,134235670920800,bus,left,priority,2.8,362,1,False,left,0,271.0001,280.4045
2026-09-10 02:25:25,134235743363456,bike,down,priority,66.67,289,1,False,down,0,218.0001,286.1222
2026-09-10 02:25:25,134235670918448,car,down,priority,70.62,287,2,False,down,0,214.0001,286.1385
2026-09-10 02:25:25,134235670919600,truck,down,priority,44.23,300,0,False,down,0,240.0001,286.1547
2026-09-10 02:25:26,134235670920512,bike,down,priority,30.85,329,1,False,down,0,254.5001,286.507
2026-09-10 02:25:26,134235697724160,bike,down,priority,65.4,290,2,False,down,0,220.0001,286.667
2026-09-10 02:25:26,134235670914848,bus,down,priority,38.76,313,0,True,left,2,246.5009,286.9885
2026-09-10 02:25:26,134235715603392,bike,down,priority,59.43,293,2,True,right,2,226.0001,287.0845
2026-09-10 02:25:27,134235670919120,truck,down,priority,27.98,334,1,False,down,0,257.0001,287.2934
2026-09-10 02:25:27,134235670916768,bike,down,priority,28.97,333,2,False,down,0,256.5001,287.5015
2026-09-10 02:25:27,134235670918544,bike,down,priority,21.01,349,2,True,right,1,264.5001,287.9203
2026-09-10 02:25:27,134235670915184,bus,down,priority,33.87,323,0,False,down,0,251.5001,287.9362
2026-09-10 02:25:27,134235670919024,car,down,priority,26.26,339,1,False,down,0,259.5001,288.1301
2026-09-10 02:25:28,134235670918160,car,down,priority,9.75,371,2,False,down,0,275.5001,288.4034
2026-09-10 02:25:28,134235670919696,bike,down,priority,19.75,353,1,False,down,0,266.5001,288.8523
2026-09-10 02:25:28,134235670919840,truck,down,priority,29.47,331,0,True,left,2,255.5001,288.9331
2026-09-10 02:25:29,134235671005568,car,down,priority,12.55,367,1,False,down,0,273.5001,289.4013
2026-09-10 02:25:29,134235743830144,car,down,priority,9.23,374,1,False,down,0,277.0001,290.138
2026-09-10 02:25:29,134235671903696,bus,down,priority,0,393,0,True,left,2,286.5001,290.2195
2026-09-10 02:25:30,134235745262656,bus,down,priority,6.3,379,1,False,down,0,279.5001,290.8764
2026-09-10 02:25:30,134235670921088,bike,down,priority,0,396,0,True,left,0,288.0027,291.0851
2026-09-10 02:25:31,134235670920272,bike,down,priority,3.76,387,1,False,down,0,283.5001,291.8557
2026-09-10 02:25:32,134235743364416,car,down,priority,1.78,390,1,False,down,0,285.0001,292.4023
2026-09-10 02:25:32,134235681770624,bus,down,priority,0,401,0,True,left,1,290.5001,292.6589
2026-09-10 02:25:32,134235670918880,car,down,priority,0.98,392,1,False,down,0,286.0001,293.1397
2026-09-10 02:25:38,134235671003216,bus,right,priority,28.62,358,2,True,down,1,269.0001,299.1377
2026-09-10 02:25:38,134235671005040,bus,right,priority,27.12,361,0,False,right,0,270.5001,299.1378
2026-09-10 02:25:38,134235670916432,truck,right,priority,29.74,347,1,False,right,0,263.5001,299.1696
2026-09-10 02:25:39,134235670920032,car,right,priority,30.48,348,1,False,right,0,264.0001,299.9749
2026-09-10 02:25:39,134235670918208,car,right,priority,26.36,364,2,True,down,1,272.0001,299.9752
2026-09-10 02:25:39,134235670918832,bike,right,priority,15.54,386,0,True,up,2,283.0001,299.9756
2026-09-10 02:25:40,134235670915424,bike,right,priority,11.12,395,0,True,up,1,287.5001,300.4417
2026-09-10 02:25:40,134235670917968,bus,right,priority,20.13,376,2,False,right,0,278.0001,300.617
2026-09-10 02:25:40,134235670916480,truck,right,priority,28.6,354,1,False,right,0,267.0001,300.729
2026-09-10 02:25:40,134235670916624,bus,right,priority,8.63,399,0,True,up,1,289.5001,300.9545
2026-09-10 02:25:41,134235670918784,car,right,priority,17.03,383,2,False,right,0,281.5001,301.4345
2026-09-10 02:25:41,134235671003456,car,right,priority,25.88,366,1,False,right,0,273.0001,301.5468
2026-09-10 02:25:41,134235671007200,bus,right,priority,2.14,412,0,False,right,0,296.0001,301.7898
2026-09-10 02:25:41,134235743955584,bus,right,priority,15.63,385,2,True,down,1,282.5001,302.0795
2026-09-10 02:25:42,134235670915520,bike,right,priority,23.41,372,1,False,right,0,276.0001,302.2734
2026-09-10 02:25:42,134235681898176,bike,right,priority,18.59,382,1,False,right,0,281.0001,302.8363
2026-09-10 02:25:42,134235670920560,bike,right,priority,7.67,403,2,False,right,0,291.5017,302.9164
2026-09-10 02:25:43,134235670919120,truck,right,priority,0.48,415,0,True,up,0,297.5001,303.2362
2026-09-10 02:25:43,134235670919648,car,right,priority,4.82,409,1,False,right,0,294.5001,303.3809
2026-09-10 02:25:43,134235670918496,truck,right,priority,4.47,407,2,False,right,0,293.5001,304.1362
2026-09-10 02:25:43,134235670914848,truck,right,priority,0,416,1,False,right,0,298.0001,304.1529
2026-09-10 02:25:45,134235670916528,truck,right,priority,0,417,1,False,right,0,298.5001,306.0455
2026-09-10 02:25:46,134235671903696,bus,right,priority,0,424,1,False,right,0,302.0001,307.1013
2026-09-10 02:25:52,134235670917872,car,up,priority,50.11,342,2,True,right,2,261.0001,313.143
2026-09-10 02:25:52,134235672131488,car,up,priority,36.61,369,0,False,up,0,274.5001,313.1432
2026-09-10 02:25:52,134235670919888,truck,up,priority,38.97,363,1,False,up,0,271.5001,313.159
2026-09-10 02:25:53,134235670916240,bike,up,priority,35.0,375,0,True,left,1,277.5001,313.6729
2026-09-10 02:25:53,134235670917680,truck,up,priority,41.92,360,2,True,right,1,270.0001,313.9129
2026-09-10 02:25:53,134235670915328,bus,up,priority,37.14,370,1,False,up,0,275.0001,313.9922
2026-09-10 02:25:53,134235670918400,car,up,priority,33.62,377,0,True,left,2,278.5001,314.1218
2026-09-10 02:25:54,134235670920416,bike,up,priority,25.62,394,0,False,up,0,287.0001,314.6686
2026-09-10 02:25:54,134235670920752,bike,up,priority,34.05,378,2,True,right,0,279.0001,314.7167
2026-09-10 02:25:54,134235671007008,bus,up,priority,28.39,388,1,False,up,0,284.0001,314.9403
2026-09-10 02:25:54,134235670917920,bike,up,priority,24.06,397,0,True,left,1,288.5001,315.1183
2026-09-10 02:25:55,134235670919792,bike,up,priority,27.55,391,2,True,right,0,285.5001,315.2628
2026-09-10 02:25:55,134235715603392,bike,up,priority,21.24,404,2,False,up,0,292.001,315.8248
2026-09-10 02:25:55,134235671003648,bus,up,priority,5.31,433,0,True,left,1,306.5001,315.8906
2026-09-10 02:25:55,134235670920128,truck,up,priority,22.14,400,1,False,up,0,290.0001,315.9554
2026-09-10 02:25:56,134235670915712,bus,up,priority,17.24,410,2,False,up,0,295.0001,316.4031
2026-09-10 02:25:56,134235670919936,bus,up,priority,20.02,405,1,False,up,0,292.5001,316.7551
2026-09-10 02:25:57,134235745262656,car,up,priority,12.98,421,2,True,right,2,300.5001,317.3642
2026-09-10 02:25:57,134235670917248,car,up,priority,17.08,413,1,False,up,0,296.5011,317.733
2026-09-10 02:25:57,134235670915424,car,up,priority,8.0,431,2,False,up,0,305.5015,318.1174
2026-09-10 02:25:58,134235670915184,car,up,priority,16.45,414,1,False,up,0,297.0001,318.4533
2026-09-10 02:25:58,134235670918784,bus,up,priority,1.19,443,2,True,right,0,311.5001,318.7904
2026-09-10 02:25:58,134235744162432,truck,up,priority,11.9,420,1,False,up,0,300.0001,319.2218
2026-09-10 02:25:59,134235671008064,truck,up,priority,7.48,429,1,False,up,0,304.5001,320.0427
2026-09-10 02:26:00,134235670918832,bus,up,priority,7.62,430,1,False,up,0,305.0001,320.8606
2026-09-10 02:26:01,134235671005808,bus,up,priority,6.83,432,1,False,up,0,306.0001,321.8064
2026-09-10 02:26:02,134235670915520,bus,up,priority,0.48,446,1,False,up,0,313.0001,322.7707
2026-09-10 02:26:02,134235672131488,bus,up,priority,0,461,2,True,right,0,320.5001,322.8027
2026-09-10 02:26:07,134235671008016,bus,left,priority,46.28,380,0,False,left,0,280.0001,328.146
2026-09-10 02:26:07,134235671003696,car,left,priority,45.78,381,2,False,left,0,280.5019,328.1462
2026-09-10 02:26:07,134235670918976,truck,left,priority,45.88,368,1,False,left,0,274.0009,328.1775
2026-09-10 02:26:08,134235670537728,truck,left,priority,42.41,389,2,False,left,0,284.5005,328.9177
2026-09-10 02:26:08,134235743830144,car,left,priority,28.04,419,1,False,left,0,299.5001,328.9999
2026-09-10 02:26:08,134235671006720,truck,left,priority,45.14,384,0,False,left,0,282.0001,329.1437
2026-09-10 02:26:09,134235743363456,bike,left,priority,35.05,406,2,False,left,0,293.0001,329.721
2026-09-10 02:26:09,134235670917824,truck,left,priority,3.4,467,1,False,left,0,323.5001,329.7377
2026-09-10 02:26:09,134235670918736,truck,left,priority,37.99,398,0,True,up,2,289.0001,329.9779
2026-09-10 02:26:10,134235670920704,bus,left,priority,31.6,411,2,True,down,2,295.5001,330.283
2026-09-10 02:26:10,134235745262656,car,left,priority,1.92,472,1,False,left,0,326.0001,330.5562
2026-09-10 02:26:10,134235670920944,bus,left,priority,36.4,402,0,True,up,1,291.0001,330.7964
2026-09-10 02:26:11,134235671006672,car,left,priority,24.22,428,2,True,down,1,304.0001,331.2633
2026-09-10 02:26:11,134235743364416,bike,left,priority,27.34,423,0,False,left,0,301.5001,331.7625
2026-09-10 02:26:11,134235670916432,car,left,priority,18.68,439,2,True,down,1,309.5001,331.9392
2026-09-10 02:26:11,134235743552960,bus,left,priority,0,477,1,False,left,0,328.5023,332.0197
2026-09-10 02:26:12,134235670916624,bus,left,priority,20.39,434,0,True,up,2,307.0001,332.3239
2026-09-10 02:26:12,134235670919696,bus,left,priority,10.98,453,2,True,down,1,316.5001,332.6293
2026-09-10 02:26:13,134235681898176,bike,left,priority,17.35,444,0,False,left,0,312.0001,333.3026
2026-09-10 02:26:13,134235670917920,car,left,priority,8.57,460,2,False,left,0,320.0001,333.447
2026-09-10 02:26:13,134235670918544,bike,left,priority,14.27,450,0,False,left,0,315.0001,333.8799
2026-09-10 02:26:13,134235670920752,car,left,priority,4.04,469,2,False,left,0,324.5001,334.1534
2026-09-10 02:26:14,134235670916240,bike,left,priority,10.88,457,0,True,up,2,318.5022,334.3801
2026-09-10 02:26:14,134235670920176,bike,left,priority,1.48,476,2,False,left,0,328.0001,334.8466
2026-09-10 02:26:14,134235695833664,car,left,priority,9.46,458,0,True,up,2,319.0001,334.8774
2026-09-10 02:26:15,134235670915424,bus,left,priority,0.78,474,0,True,up,2,327.0001,335.5059
2026-09-10 02:26:16,134235670918784,bus,left,priority,0,482,2,False,left,0,331.0001,336.3243
2026-09-10 02:26:16,134235671003600,bus,left,priority,0,488,0,False,left,0,334.0001,337.227
2026-09-10 02:26:22,134235697724160,bus,down,priority,47.63,408,1,False,down,0,294.0001,343.1489
2026-09-10 02:26:22,134235670916576,car,down,priority,42.63,418,0,True,left,0,299.0001,343.1491
2026-09-10 02:26:22,134235670920464,bus,down,priority,40.63,422,2,False,down,0,301.0001,343.1491
2026-09-10 02:26:23,134235670919552,bus,down,priority,38.64,427,0,True,left,2,303.5001,343.7929
2026-09-10 02:26:23,134235670919408,bike,down,priority,39.54,426,1,False,down,0,303.0001,343.9863
2026-09-10 02:26:23,134235670916336,bike,down,priority,27.05,451,2,True,right,0,315.5001,343.9867
2026-09-10 02:26:24,134235670920800,bike,down,priority,31.63,442,1,False,down,0,311.0001,344.4507
2026-09-10 02:26:24,134235671903696,truck,down,priority,24.98,454,2,False,down,0,317.0001,344.7073
2026-09-10 02:26:24,134235743955584,truck,down,priority,29.49,445,0,False,down,0,312.5001,344.8833
2026-09-10 02:26:25,134235670914848,truck,down,priority,26.01,452,1,False,down,0,316.0001,345.2858
2026-09-10 02:26:25,134235670915712,car,down,priority,17.36,471,2,False,down,0,325.5001,345.5252
2026-09-10 02:26:25,134235670918064,bike,down,priority,29.67,447,0,False,down,0,313.5001,345.7012
2026-09-10 02:26:25,134235671004080,truck,down,priority,20.99,462,1,False,down,0,321.0001,346.1014
2026-09-10 02:26:26,134235670920128,car,down,priority,16.54,473,2,True,right,1,326.5001,346.2617
2026-09-10 02:26:26,134235670920272,truck,down,priority,27.6,448,0,False,down,0,314.0001,346.2766
2026-09-10 02:26:26,134235670917872,bike,down,priority,21.73,463,1,False,down,0,321.5001,346.9074
2026-09-10 02:26:26,134235670918832,bike,down,priority,12.13,483,2,False,down,0,331.5001,346.9716
2026-09-10 02:26:26,134235670916528,bike,down,priority,26.17,455,0,False,down,0,317.5001,347.0835
2026-09-10 02:26:27,134235670918928,bike,down,priority,18.79,470,1,False,down,0,325.0018,347.4683
2026-09-10 02:26:27,134235671006384,car,down,priority,6.29,494,2,False,down,0,337.0018,347.5012
2026-09-10 02:26:27,134235670411840,truck,down,priority,18.0,468,0,True,left,0,324.0001,347.6619
2026-09-10 02:26:27,134235670917248,truck,down,priority,11.98,480,1,False,down,0,330.0001,348.0612
2026-09-10 02:26:35,134235671007248,bike,right,priority,47.17,435,2,False,right,0,307.5004,356.1261
2026-09-10 02:26:35,134235671005760,truck,right,priority,36.24,456,0,False,right,0,318.0001,356.1586
2026-09-10 02:26:35,134235681770624,truck,right,priority,46.27,425,1,False,right,0,302.5001,356.1752
2026-09-10 02:26:36,134235671005376,bike,right,priority,46.45,436,2,False,right,0,308.0001,356.4962
2026-09-10 02:26:36,134235670921040,bike,right,priority,33.13,465,0,True,up,1,322.5001,356.9782
2026-09-10 02:26:36,134235670915472,car,right,priority,44.97,441,1,False,right,0,310.5001,356.9939
2026-09-10 02:26:36,134235670918160,bus,right,priority,45.21,437,2,False,right,0,308.5001,357.1066
2026-09-10 02:26:37,134235670915952,bike,right,priority,41.37,449,1,False,right,0,314.5001,357.7159
2026-09-10 02:26:37,134235671004896,car,right,priority,44.86,438,2,False,right,0,309.0001,357.9252
2026-09-10 02:26:38,134235670920848,bike,right,priority,26.56,479,1,False,right,0,329.5001,358.2789
2026-09-10 02:26:38,134235670917968,bus,right,priority,43.51,440,2,False,right,0,310.0001,358.5672
2026-09-10 02:26:38,134235670913984,car,right,priority,25.39,481,1,False,right,0,330.5001,358.8086
2026-09-10 02:26:39,134235671006336,car,right,priority,21.08,490,1,False,right,0,335.0001,359.5484
2026-09-10 02:26:40,134235671004944,car,right,priority,20.28,492,1,False,right,0,336.0001,360.3038
2026-09-10 02:26:40,134235670916432,car,right,priority,18.96,495,1,False,right,0,337.5003,361.0434
2026-09-10 02:26:41,134235743830144,bike,right,priority,18.22,498,1,False,right,0,339.0001,361.7965
2026-09-10 02:26:46,134235681770432,bus,up,priority,42.84,464,0,False,up,0,322.0001,367.152
2026-09-10 02:26:46,134235670404496,truck,up,priority,41.48,466,2,False,up,0,323.0001,367.1685
2026-09-10 02:26:46,134235670919456,truck,up,priority,42.52,459,1,False,up,0,319.5001,367.1848
2026-09-10 02:26:47,134235744162432,car,up,priority,37.54,478,0,False,up,0,329.0008,367.9908
2026-09-10 02:26:47,134235670918112,bus,up,priority,38.64,475,1,False,up,0,327.5001,368.0073
2026-09-10 02:26:47,134235671004032,bus,up,priority,34.15,484,2,True,right,1,332.0001,368.0075
2026-09-10 02:26:48,134235670915520,bus,up,priority,33.45,485,0,False,up,0,332.5001,368.6536
2026-09-10 02:26:48,134235672131488,bus,up,priority,32.88,487,1,False,up,0,333.5001,368.957
2026-09-10 02:26:48,134235671003408,bike,up,priority,31.73,491,2,False,up,0,335.5001,368.9572
2026-09-10 02:26:49,134235671004176,bus,up,priority,32.51,486,0,True,left,2,333.0001,369.4729
2026-09-10 02:26:49,134235670915184,bike,up,priority,28.64,497,2,False,up,0,338.5001,369.5216
2026-09-10 02:26:49,134235671003888,bike,up,priority,33.07,489,1,False,up,0,334.5001,369.9399
2026-09-10 02:26:50,134235743363456,bike,up,priority,27.82,499,0,False,up,0,339.5001,370.2915
2026-09-10 02:26:57,134235670920704,bus,left,priority,39.18,493,0,True,up,0,336.5001,378.1708
2026-09-10 02:26:57,134235671006672,bus,left,priority,38.05,496,1,False,left,0,338.0001,378.1709
