round_index,phase_index,direction,green_start_sec,green_selected_sec,green_end_sec,phase_end_sec,decision_weight,decision_counts,queue_counts,status,termination,lane_observations_start,lane_observations_end
0,0,down,10.0029,6,16.0036,21.004,8.6587,"{""down"": 8.658730158730158, ""left"": 4.396825396825396, ""right"": 5.103174603174603, ""up"": 4.198412698412699}","{""down"": 16, ""left"": 8, ""right"": 9, ""up"": 8}",complete,duration,"{""direction"": ""down"", ""lanes"": [{""detection_zone_count"": 2, ""lane"": 0, ""stopped_count"": 3, ""uncrossed_count"": 5}, {""detection_zone_count"": 2, ""lane"": 1, ""stopped_count"": 7, ""uncrossed_count"": 8}, {""detection_zone_count"": 2, ""lane"": 2, ""stopped_count"": 3, ""uncrossed_count"": 3}], ""sample_elapsed_sec"": 10.0029}","{""direction"": ""down"", ""lanes"": [{""detection_zone_count"": 0, ""lane"": 0, ""stopped_count"": 0, ""uncrossed_count"": 0}, {""detection_zone_count"": 0, ""lane"": 1, ""stopped_count"": 0, ""uncrossed_count"": 0}, {""detection_zone_count"": 1, ""lane"": 2, ""stopped_count"": 0, ""uncrossed_count"": 2}], ""sample_elapsed_sec"": 16.0036}"
0,1,up,21.0043,9,30.0074,35.0084,12.5238,"{""down"": 5.3809523809523805, ""left"": 10.079365079365079, ""right"": 8.134920634920634, ""up"": 12.523809523809522}","{""down"": 10, ""left"": 19, ""right"": 15, ""up"": 22}",complete,duration,"{""direction"": ""up"", ""lanes"": [{""detection_zone_count"": 2, ""lane"": 0, ""stopped_count"": 6, ""uncrossed_count"": 7}, {""detection_zone_count"": 2, ""lane"": 1, ""stopped_count"": 7, ""uncrossed_count"": 7}, {""detection_zone_count"": 2, ""lane"": 2, ""stopped_count"": 6, ""uncrossed_count"": 8}], ""sample_elapsed_sec"": 21.0043}","{""direction"": ""up"", ""lanes"": [{""detection_zone_count"": 1, ""lane"": 0, ""stopped_count"": 0, ""uncrossed_count"": 4}, {""detection_zone_count"": 1, ""lane"": 1, ""stopped_count"": 0, ""uncrossed_count"": 3}, {""detection_zone_count"": 1, ""lane"": 2, ""stopped_count"": 2, ""uncrossed_count"": 5}], ""sample_elapsed_sec"": 30.0074}"
0,2,right,35.0086,11,46.0114,51.0119,15.6587,"{""down"": 12.238095238095235, ""left"": 14.5, ""right"": 15.658730158730158, ""up"": 9.738095238095237}","{""down"": 22, ""left"": 27, ""right"": 29, ""up"": 18}",complete,duration,"{""direction"": ""right"", ""lanes"": [{""detection_zone_count"": 2, ""lane"": 0, ""stopped_count"": 7, ""uncrossed_count"": 7}, {""detection_zone_count"": 2, ""lane"": 1, ""stopped_count"": 7, ""uncrossed_count"": 8}, {""detection_zone_count"": 2, ""lane"": 2, ""stopped_count"": 14, ""uncrossed_count"": 14}], ""sample_elapsed_sec"": 35.0086}","{""direction"": ""right"", ""lanes"": [{""detection_zone_count"": 1, ""lane"": 0, ""stopped_count"": 0, ""uncrossed_count"": 1}, {""detection_zone_count"": 0, ""lane"": 1, ""stopped_count"": 0, ""uncrossed_count"": 0}, {""detection_zone_count"": 1, ""lane"": 2, ""stopped_count"": 0, ""uncrossed_count"": 7}], ""sample_elapsed_sec"": 46.0114}"
0,3,left,51.0122,15,66.016,71.0165,20.8413,"{""down"": 16.746031746031743, ""left"": 20.84126984126984, ""right"": 4.96031746031746, ""up"": 14.674603174603172}","{""down"": 30, ""left"": 39, ""right"": 9, ""up"": 27}",complete,duration,"{""direction"": ""left"", ""lanes"": [{""detection_zone_count"": 1, ""lane"": 0, ""stopped_count"": 11, ""uncrossed_count"": 11}, {""detection_zone_count"": 2, ""lane"": 1, ""stopped_count"": 17, ""uncrossed_count"": 17}, {""detection_zone_count"": 2, ""lane"": 2, ""stopped_count"": 10, ""uncrossed_count"": 11}], ""sample_elapsed_sec"": 51.0122}","{""direction"": ""left"", ""lanes"": [{""detection_zone_count"": 0, ""lane"": 0, ""stopped_count"": 0, ""uncrossed_count"": 0}, {""detection_zone_count"": 0, ""lane"": 1, ""stopped_count"": 0, ""uncrossed_count"": 0}, {""detection_zone_count"": 0, ""lane"": 2, ""stopped_count"": 0, ""uncrossed_count"": 0}], ""sample_elapsed_sec"": 66.016}"
1,0,down,71.0167,12,83.0186,88.019,17.246,"{""down"": 17.246031746031747, ""left"": 0.4444444444444444, ""right"": 8.436507936507937, ""up"": 15.746031746031743}","{""down"": 31, ""left"": 1, ""right"": 15, ""up"": 29}",complete,duration,"{""direction"": ""down"", ""lanes"": [{""detection_zone_count"": 2, ""lane"": 0, ""stopped_count"": 6, ""uncrossed_count"": 6}, {""detection_zone_count"": 2, ""lane"": 1, ""stopped_count"": 8, ""uncrossed_count"": 8}, {""detection_zone_count"": 2, ""lane"": 2, ""stopped_count"": 17, ""uncrossed_count"": 17}], ""sample_elapsed_sec"": 71.0167}","{""direction"": ""down"", ""lanes"": [{""detection_zone_count"": 0, ""lane"": 0, ""stopped_count"": 0, ""uncrossed_count"": 0}, {""detection_zone_count"": 0, ""lane"": 1, ""stopped_count"": 0, ""uncrossed_count"": 1}, {""detection_zone_count"": 1, ""lane"": 2, ""stopped_count"": 0, ""uncrossed_count"": 3}], ""sample_elapsed_sec"": 83.0186}"
1,1,up,88.0192,12,100.0222,105.0227,16.246,"{""down"": 2.253968253968254, ""left"": 1.8333333333333333, ""right"": 9.674603174603174, ""up"": 16.246031746031743}","{""down"": 4, ""left"": 4, ""right"": 17, ""up"": 30}",complete,duration,"{""direction"": ""up"", ""lanes"": [{""detection_zone_count"": 2, ""lane"": 0, ""stopped_count"": 10, ""uncrossed_count"": 10}, {""detection_zone_count"": 2, ""lane"": 1, ""stopped_count"": 8, ""uncrossed_count"": 8}, {""detection_zone_count"": 2, ""lane"": 2, ""stopped_count"": 12, ""uncrossed_count"": 12}], ""sample_elapsed_sec"": 88.0192}","{""direction"": ""up"", ""lanes"": [{""detection_zone_count"": 0, ""lane"": 0, ""stopped_count"": 0, ""uncrossed_count"": 1}, {""detection_zone_count"": 0, ""lane"": 1, ""stopped_count"": 0, ""uncrossed_count"": 1}, {""detection_zone_count"": 1, ""lane"": 2, ""stopped_count"": 1, ""uncrossed_count"": 7}], ""sample_elapsed_sec"": 100.0222}"
1,2,right,105.0229,12,117.0247,122.0252,16.0873,"{""down"": 9.436507936507937, ""left"": 14.888888888888888, ""right"": 16.087301587301585, ""up"": 6.603174603174603}","{""down"": 17, ""left"": 28, ""right"": 29, ""up"": 12}",complete,duration,"{""direction"": ""right"", ""lanes"": [{""detection_zone_count"": 2, ""lane"": 0, ""stopped_count"": 11, ""uncrossed_count"": 11}, {""detection_zone_count"": 2, ""lane"": 1, ""stopped_count"": 4, ""uncrossed_count"": 6}, {""detection_zone_count"": 2, ""lane"": 2, ""stopped_count"": 12, ""uncrossed_count"": 12}], ""sample_elapsed_sec"": 105.0229}","{""direction"": ""right"", ""lanes"": [{""detection_zone_count"": 0, ""lane"": 0, ""stopped_count"": 0, ""uncrossed_count"": 0}, {""detection_zone_count"": 1, ""lane"": 1, ""stopped_count"": 0, ""uncrossed_count"": 2}, {""detection_zone_count"": 1, ""lane"": 2, ""stopped_count"": 0, ""uncrossed_count"": 1}], ""sample_elapsed_sec"": 117.0247}"
1,3,left,122.0255,18,140.0318,145.0337,25.0794,"{""down"": 19.246031746031736, ""left"": 25.079365079365083, ""right"": 4.896825396825396, ""up"": 15.619047619047617}","{""down"": 36, ""left"": 46, ""right"": 9, ""up"": 29}",complete,duration,"{""direction"": ""left"", ""lanes"": [{""detection_zone_count"": 2, ""lane"": 0, ""stopped_count"": 16, ""uncrossed_count"": 16}, {""detection_zone_count"": 2, ""lane"": 1, ""stopped_count"": 15, ""uncrossed_count"": 16}, {""detection_zone_count"": 1, ""lane"": 2, ""stopped_count"": 13, ""uncrossed_count"": 14}], ""sample_elapsed_sec"": 122.0255}","{""direction"": ""left"", ""lanes"": [{""detection_zone_count"": 0, ""lane"": 0, ""stopped_count"": 0, ""uncrossed_count"": 0}, {""detection_zone_count"": 2, ""lane"": 1, ""stopped_count"": 0, ""uncrossed_count"": 3}, {""detection_zone_count"": 0, ""lane"": 2, ""stopped_count"": 0, ""uncrossed_count"": 0}], ""sample_elapsed_sec"": 140.0318}"
2,0,down,145.0339,18,163.0363,168.0366,24.7937,"{""down"": 24.793650793650798, ""left"": 1.6111111111111112, ""right"": 11.999999999999998, ""up"": 24.055555555555557}","{""down"": 46, ""left"": 3, ""right"": 22, ""up"": 44}",complete,duration,"{""direction"": ""down"", ""lanes"": [{""detection_zone_count"": 2, ""lane"": 0, ""stopped_count"": 17, ""uncrossed_count"": 17}, {""detection_zone_count"": 2, ""lane"": 1, ""stopped_count"": 12, ""uncrossed_count"": 12}, {""detection_zone_count"": 2, ""lane"": 2, ""stopped_count"": 17, ""uncrossed_count"": 17}], ""sample_elapsed_sec"": 145.0339}","{""direction"": ""down"", ""lanes"": [{""detection_zone_count"": 0, ""lane"": 0, ""stopped_count"": 0, ""uncrossed_count"": 0}, {""detection_zone_count"": 0, ""lane"": 1, ""stopped_count"": 0, ""uncrossed_count"": 0}, {""detection_zone_count"": 0, ""lane"": 2, ""stopped_count"": 0, ""uncrossed_count"": 0}], ""sample_elapsed_sec"": 163.0363}"
2,1,up,168.0368,18,186.0397,191.0401,24.0556,"{""down"": 0, ""left"": 1.6111111111111112, ""right"": 11.999999999999998, ""up"": 24.055555555555557}","{""down"": 0, ""left"": 3, ""right"": 22, ""up"": 44}",complete,duration,"{""direction"": ""up"", ""lanes"": [{""detection_zone_count"": 2, ""lane"": 0, ""stopped_count"": 17, ""uncrossed_count"": 17}, {""detection_zone_count"": 2, ""lane"": 1, ""stopped_count"": 14, ""uncrossed_count"": 14}, {""detection_zone_count"": 2, ""lane"": 2, ""stopped_count"": 13, ""uncrossed_count"": 13}], ""sample_elapsed_sec"": 168.0368}","{""direction"": ""up"", ""lanes"": [{""detection_zone_count"": 0, ""lane"": 0, ""stopped_count"": 0, ""uncrossed_count"": 0}, {""detection_zone_count"": 0, ""lane"": 1, ""stopped_count"": 0, ""uncrossed_count"": 0}, {""detection_zone_count"": 0, ""lane"": 2, ""stopped_count"": 0, ""uncrossed_count"": 0}], ""sample_elapsed_sec"": 186.0397}"
2,2,right,191.0403,8,199.0409,204.0418,12.0,"{""down"": 0, ""left"": 1.6111111111111112, ""right"": 11.999999999999998, ""up"": 0}","{""down"": 0, ""left"": 3, ""right"": 22, ""up"": 0}",complete,duration,"{""direction"": ""right"", ""lanes"": [{""detection_zone_count"": 2, ""lane"": 0, ""stopped_count"": 2, ""uncrossed_count"": 2}, {""detection_zone_count"": 2, ""lane"": 1, ""stopped_count"": 12, ""uncrossed_count"": 12}, {""detection_zone_count"": 2, ""lane"": 2, ""stopped_count"": 8, ""uncrossed_count"": 8}], ""sample_elapsed_sec"": 191.0403}","{""direction"": ""right"", ""lanes"": [{""detection_zone_count"": 0, ""lane"": 0, ""stopped_count"": 0, ""uncrossed_count"": 0}, {""detection_zone_count"": 1, ""lane"": 1, ""stopped_count"": 1, ""uncrossed_count"": 1}, {""detection_zone_count"": 0, ""lane"": 2, ""stopped_count"": 0, ""uncrossed_count"": 0}], ""sample_elapsed_sec"": 199.0409}"
2,3,left,204.042,6,210.0428,215.0431,1.6111,"{""down"": 0, ""left"": 1.6111111111111112, ""right"": 0.5714285714285714, ""up"": 0}","{""down"": 0, ""left"": 3, ""right"": 1, ""up"": 0}",complete,duration,"{""direction"": ""left"", ""lanes"": [{""detection_zone_count"": 0, ""lane"": 0, ""stopped_count"": 0, ""uncrossed_count"": 0}, {""detection_zone_count"": 2, ""lane"": 1, ""stopped_count"": 3, ""uncrossed_count"": 3}, {""detection_zone_count"": 0, ""lane"": 2, ""stopped_count"": 0, ""uncrossed_count"": 0}], ""sample_elapsed_sec"": 204.042}","{""direction"": ""left"", ""lanes"": [{""detection_zone_count"": 0, ""lane"": 0, ""stopped_count"": 0, ""uncrossed_count"": 0}, {""detection_zone_count"": 0, ""lane"": 1, ""stopped_count"": 0, ""uncrossed_count"": 0}, {""detection_zone_count"": 0, ""lane"": 2, ""stopped_count"": 0, ""uncrossed_count"": 0}], ""sample_elapsed_sec"": 210.0428}"
3,0,right,215.0433,6,216.6765,216.6765,0.5714,"{""down"": 0, ""left"": 0, ""right"": 0.5714285714285714, ""up"": 0}","{""down"": 0, ""left"": 0, ""right"": 1, ""up"": 0}",censored,shutdown,"{""direction"": ""right"", ""lanes"": [{""detection_zone_count"": 0, ""lane"": 0, ""stopped_count"": 0, ""uncrossed_count"": 0}, {""detection_zone_count"": 1, ""lane"": 1, ""stopped_count"": 1, ""uncrossed_count"": 1}, {""detection_zone_count"": 0, ""lane"": 2, ""stopped_count"": 0, ""uncrossed_count"": 0}], ""sample_elapsed_sec"": 215.0433}","{""direction"": ""right"", ""lanes"": [{""detection_zone_count"": 0, ""lane"": 0, ""stopped_count"": 0, ""uncrossed_count"": 0}, {""detection_zone_count"": 0, ""lane"": 1, ""stopped_count"": 0, ""uncrossed_count"": 0}, {""detection_zone_count"": 0, ""lane"": 2, ""stopped_count"": 0, ""uncrossed_count"": 0}], ""sample_elapsed_sec"": 216.6765}"
